episode,step,return,length
1,119,-113.29,119
2,187,-88.65,68
3,302,-137.7,115
4,410,-171.86,108
5,485,-65.23,75
6,578,-119.71,93
7,688,-141.7,110
8,824,-154.56,136
9,882,-105.35,58
10,972,-87.14,90
11,1031,-95.06,59
12,1132,-174.76,101
13,1227,-104.43,95
14,1341,-432.86,114
15,1442,-131.1,101
16,1510,-210.69,68
17,1588,-331.21,78
18,1706,-295.28,118
19,1816,-156.99,110
20,1887,-247.62,71
21,1996,-147.79,109
22,2070,-94.35,74
23,2158,-112.2,88
24,2264,-95.68,106
25,2347,-80.2,83
26,2423,-103.22,76
27,2532,-105.12,109
28,2639,-309.41,107
29,2722,-154.88,83
30,2792,-14.79,70
31,2874,-84.65,82
32,2938,-96.16,64
33,3010,-76.75,72
34,3113,-291.88,103
35,3172,-118.29,59
36,3276,-200.52,104
37,3412,-50.52,136
38,3559,-315.83,147
39,3648,-116.08,89
40,3719,-89.31,71
41,3783,-65.65,64
42,3856,-188.87,73
43,3981,-78.25,125
44,4065,-341.42,84
45,4161,-237.76,96
46,4302,-322.75,141
47,4470,-289.14,168
48,4550,-140.44,80
49,4626,-72.04,76
50,4743,-258.25,117
51,4884,-295.8,141
52,4990,-104.57,106
53,5129,-253.34,139
54,5234,-175.14,105
55,5339,-115.59,105
56,5503,-376.55,164
57,5625,-308.82,122
58,5705,-143.87,80
59,5804,-117.8,99
60,5891,-143.76,87
61,6024,-260.18,133
62,6132,-175.08,108
63,6281,-116.41,149
64,6391,-101.85,110
65,6525,-301.89,134
66,6661,-413.16,136
67,6750,-257.1,89
68,6821,-79.29,71
69,6923,-195.84,102
70,7070,-82.05,147
71,7171,-197.02,101
72,7233,-88.66,62
73,7328,-131.27,95
74,7494,-394.53,166
75,7600,-180.37,106
76,7741,-255.78,141
77,7826,-110.2,85
78,7952,-322.42,126
79,8057,-364.44,105
80,8154,-77.6,97
81,8235,-85.11,81
82,8339,-133.76,104
83,8422,-63.21,83
84,8491,-47.23,69
85,8584,-226.71,93
86,8690,-223.84,106
87,8812,-125.57,122
88,8933,-309.17,121
89,9044,-149.67,111
90,9154,-222.06,110
91,9252,-143.7,98
92,9360,-172.74,108
93,9476,-178.92,116
94,9565,-73.57,89
95,9713,-114.3,148
96,9854,-67.08,141
97,9980,-411.67,126
98,10089,-133.15,109
99,10233,-361.03,144
100,10342,-135.08,109
101,10462,-326.71,120
102,10613,-52.72,151
103,10703,-237.72,90
104,10782,-59.07,79
105,10861,-94.23,79
106,10926,-111.25,65
107,11080,-356.3,154
108,11182,-177.1,102
109,11306,-78.21,124
110,11414,-205.73,108
111,11503,-53.63,89
112,11610,-179.43,107
113,11720,-210.37,110
114,11806,-101.42,86
115,11920,-161.34,114
116,12085,-76.5,165
117,12270,-207.53,185
118,12419,-124.63,149
119,12484,-66.91,65
120,12677,-130.14,193
121,12813,-101.95,136
122,12966,-230.13,153
123,13048,-61.49,82
124,13124,-128.06,76
125,13253,-254.67,129
126,13333,-55.92,80
127,13441,-269.92,108
128,13580,-172.2,139
129,13765,-94.56,185
130,13838,-43.2,73
131,13925,-70.43,87
132,14067,-147.37,142
133,14225,-13.7,158
134,14323,-157.95,98
135,14472,-273.09,149
136,14562,15.47,90
137,14691,-257.08,129
138,14782,-240.34,91
139,14885,-107.04,103
140,14984,-209.96,99
141,15113,-290.64,129
142,15319,-264.82,206
143,15434,-218.74,115
144,15619,-315.01,185
145,15725,-121.87,106
146,15829,-159.44,104
147,15951,-196.8,122
148,16115,-57.54,164
149,16254,-219.46,139
150,16437,-58.3,183
151,16581,-291.37,144
152,16684,-319.93,103
153,16811,-75.21,127
154,16949,-182.93,138
155,17097,-120.07,148
156,17226,-66.34,129
157,17376,-49.19,150
158,17503,-98.63,127
159,17649,-42.86,146
160,17788,-272.16,139
161,17937,-188.4,149
162,18109,-70.16,172
163,18241,-25.7,132
164,18374,-99.27,133
165,18595,-282.28,221
166,18747,-48.07,152
167,18899,-134.85,152
168,19080,-347.65,181
169,19234,-43.18,154
170,19340,-12.51,106
171,19465,-77.23,125
172,19552,-43.95,87
173,19716,-41.76,164
174,19854,-158.71,138
175,20047,-25.65,193
176,20198,-68.77,151
177,20301,-270.25,103
178,20431,-284.63,130
179,20524,-98.49,93
180,20670,-15.85,146
181,20898,-200.94,228
182,21044,-63.11,146
183,21268,-189.8,224
184,21390,-94.35,122
185,21492,-46.89,102
186,21625,-141.55,133
187,21845,13.87,220
188,21968,-27.58,123
189,22070,29.66,102
190,22236,-1.38,166
191,22406,5.89,170
192,23406,10.92,1000
193,23563,-153.64,157
194,23790,-4.75,227
195,23949,-41.38,159
196,24166,6.26,217
197,24287,9.95,121
198,24427,-111.23,140
199,24625,-62.49,198
200,24776,-48.03,151
201,24913,-57.3,137
202,25050,-19.18,137
203,25180,-60.15,130
204,25299,4.79,119
205,25487,-35.48,188
206,25592,-52.53,105
207,25739,-133.39,147
208,25888,-9.23,149
209,26059,-60.83,171
210,26143,-23.72,84
211,26263,-68.69,120
212,26384,-91.75,121
213,26549,-65.65,165
214,26763,-141.53,214
215,26890,-219.98,127
216,27023,18.17,133
217,27258,-78.26,235
218,27528,-178.72,270
219,27692,-50.72,164
220,27824,-37.84,132
221,28012,-222.33,188
222,28135,-12.72,123
223,28250,-10.76,115
224,28522,-107.83,272
225,28759,-11.66,237
226,28896,20.76,137
227,29124,-281.86,228
228,29269,-29.04,145
229,29441,22.18,172
230,29557,-6.32,116
231,29692,-9.38,135
232,29956,-108.58,264
233,30137,-79.75,181
234,30224,-65.66,87
235,30349,7.27,125
236,31349,46.8,1000
237,31456,-37.42,107
238,31589,-28.58,133
239,31834,-199.26,245
240,31959,19.93,125
241,32128,21.92,169
242,32239,-84.79,111
243,32387,27.31,148
244,32547,6.33,160
245,32682,28.67,135
246,32822,30.52,140
247,33017,25.4,195
248,33179,13.31,162
249,33311,1.69,132
250,34311,109.08,1000
251,35311,34.22,1000
252,35495,-43.05,184
253,35636,17.8,141
254,35807,-74.45,171
255,35978,-161.18,171
256,36368,-202.72,390
257,37368,86.93,1000
258,37545,-62.18,177
259,37680,-47.73,135
260,37882,-33.37,202
261,37988,-57.4,106
262,38167,-69.07,179
263,38380,-65.91,213
264,38562,-81.12,182
265,39562,88.12,1000
266,40562,38.12,1000
267,40780,20.79,218
268,41780,40.36,1000
269,41968,14.36,188
270,42137,27.2,169
271,42328,-15.3,191
272,42565,7.71,237
273,42793,-54.0,228
274,42980,-14.23,187
275,43170,30.06,190
276,43316,-81.03,146
277,43544,-132.01,228
278,44449,-245.63,905
279,44635,-50.3,186
280,44836,-6.28,201
281,45036,-1.54,200
282,45195,-26.0,159
283,45377,17.41,182
284,45556,-75.55,179
285,45778,-41.8,222
286,46778,153.55,1000
287,47778,167.5,1000
288,48034,-74.86,256
289,48294,-179.08,260
290,48465,-77.6,171
291,48669,15.53,204
292,48852,29.0,183
293,49000,-6.59,148
294,49630,174.04,630
295,49791,35.39,161
296,49963,30.77,172
297,50963,-2.34,1000
298,51151,-51.78,188
299,51374,-46.53,223
300,51541,-62.74,167
301,51745,-61.71,204
302,51905,16.42,160
303,52106,-60.93,201
304,52295,17.3,189
305,52494,-31.18,199
306,52665,-1.36,171
307,52800,-16.23,135
308,52970,18.87,170
309,53189,-44.15,219
310,53374,-53.78,185
311,53510,29.6,136
312,53693,-6.98,183
313,53883,-35.66,190
314,54042,-29.03,159
315,54203,42.63,161
316,54362,-61.22,159
317,54548,-46.02,186
318,54729,-15.96,181
319,54890,11.84,161
320,55080,36.49,190
321,55270,-59.26,190
322,56270,147.31,1000
323,56601,-100.53,331
324,56772,-0.21,171
325,56952,-20.61,180
326,57081,-26.12,129
327,57265,58.23,184
328,57600,201.5,335
329,57788,-46.92,188
330,57920,10.02,132
331,58098,-11.44,178
332,58233,-64.43,135
333,58433,-56.61,200
334,58611,5.47,178
335,58766,29.44,155
336,58905,38.98,139
337,59052,-18.23,147
338,59252,-6.08,200
339,59421,-43.92,169
340,60421,51.68,1000
341,60637,-40.05,216
342,60800,-46.43,163
343,60997,-68.21,197
344,61165,-57.1,168
345,62165,86.72,1000
346,62358,-39.07,193
347,62538,-10.46,180
348,62688,-26.31,150
349,62920,13.33,232
350,63920,109.7,1000
351,64133,-40.35,213
352,64352,0.09,219
353,64540,-51.35,188
354,64665,29.28,125
355,64786,1.15,121
356,64972,-37.1,186
357,65972,94.26,1000
358,66972,66.95,1000
359,67143,-15.24,171
360,67281,-47.25,138
361,67461,-31.11,180
362,68461,131.09,1000
363,68625,10.21,164
364,69625,118.93,1000
365,69815,36.17,190
366,69996,-29.73,181
367,70165,-51.61,169
368,71165,139.34,1000
369,71365,-81.13,200
370,71560,-56.39,195
371,71868,153.7,308
372,72868,65.33,1000
373,73868,131.93,1000
374,74078,-81.57,210
375,74251,-62.52,173
376,75251,123.73,1000
377,75422,-203.51,171
378,76422,49.83,1000
379,76558,31.93,136
380,77558,65.24,1000
381,78558,144.88,1000
382,79558,133.69,1000
383,79797,-138.03,239
384,80108,-59.96,311
385,81108,140.22,1000
386,82108,122.13,1000
387,83108,131.46,1000
388,83793,-104.91,685
389,84029,-29.6,236
390,85029,64.36,1000
391,85296,-33.28,267
392,86296,105.34,1000
393,87296,70.94,1000
394,87692,222.65,396
395,88692,138.76,1000
396,89692,130.8,1000
397,90692,116.09,1000
398,90951,-31.61,259
399,91951,64.77,1000
400,92951,115.56,1000
401,93156,15.51,205
402,94156,89.68,1000
403,95156,95.56,1000
404,95381,-47.01,225
405,96381,52.89,1000
406,97381,105.14,1000
407,97925,178.06,544
408,98925,139.07,1000
409,99925,124.36,1000
410,100925,122.21,1000
411,101925,124.43,1000
412,102925,119.05,1000
413,103394,171.11,469
414,103706,-30.72,312
415,104706,122.65,1000
416,105105,212.49,399
417,105436,-30.59,331
418,106436,111.14,1000
419,107436,81.39,1000
420,108436,107.46,1000
421,108728,-13.47,292
422,109120,174.88,392
423,109465,-45.53,345
424,110465,106.38,1000
425,111465,91.82,1000
426,111764,2.18,299
427,112764,89.88,1000
428,113764,134.36,1000
429,114588,165.17,824
430,115588,104.6,1000
431,115945,-14.15,357
432,116945,106.3,1000
433,117945,110.46,1000
434,118317,7.26,372
435,118669,-61.47,352
436,119036,224.8,367
437,119570,-41.66,534
438,120570,125.86,1000
439,121570,100.91,1000
440,122570,114.99,1000
441,123570,81.03,1000
442,124570,149.66,1000
443,125570,83.29,1000
444,125900,-25.81,330
445,126900,71.64,1000
446,127900,145.41,1000
447,128270,205.41,370
448,128759,223.22,489
449,129759,90.02,1000
450,130759,130.8,1000
451,131759,65.78,1000
452,132759,132.41,1000
453,133759,109.63,1000
454,133934,-17.29,175
455,134934,108.84,1000
456,135934,97.09,1000
457,136934,147.03,1000
458,137934,97.21,1000
459,138934,117.82,1000
460,139934,140.6,1000
461,140934,147.75,1000
462,141186,38.49,252
463,141450,-2.69,264
464,142450,138.51,1000
465,143450,82.47,1000
466,144450,139.78,1000
467,145450,73.58,1000
468,146450,135.42,1000
469,147450,115.12,1000
470,147834,-28.18,384
471,148119,-49.82,285
472,148635,186.25,516
473,149635,117.37,1000
474,150635,83.95,1000
475,151635,98.24,1000
476,152635,119.59,1000
477,153635,126.49,1000
478,154635,140.89,1000
479,155635,116.53,1000
480,155807,-29.37,172
481,156183,-53.8,376
482,157183,93.68,1000
483,157351,14.45,168
484,158351,138.83,1000
485,158538,-16.01,187
486,159538,158.8,1000
487,159782,23.08,244
488,159977,-8.21,195
489,160444,-89.31,467
490,160679,-58.13,235
491,161331,233.16,652
492,161845,244.74,514
493,162248,229.92,403
494,163248,117.14,1000
495,163999,194.29,751
496,164465,-68.91,466
497,164731,9.14,266
498,164891,1.67,160
499,165116,-18.93,225
500,165314,-9.66,198
501,165616,238.8,302
502,165814,5.96,198
503,166213,218.44,399
504,166682,-67.59,469
505,166895,-19.99,213
506,167895,-0.73,1000
507,168248,236.88,353
508,168569,241.38,321
509,168750,13.98,181
510,169326,-53.32,576
511,169901,245.47,575
512,170901,117.53,1000
513,171285,226.57,384
514,171633,222.43,348
515,171832,-22.8,199
516,172231,219.12,399
517,172697,259.22,466
518,173030,247.92,333
519,173396,225.21,366
520,173890,225.82,494
521,174199,250.97,309
522,174439,-19.75,240
523,174848,195.35,409
524,175476,227.16,628
525,175929,234.71,453
526,176303,232.57,374
527,176779,239.1,476
528,177091,29.99,312
529,178091,120.77,1000
530,178451,248.7,360
531,178686,-8.62,235
532,179686,122.27,1000
533,179853,16.98,167
534,180286,242.26,433
535,180571,245.41,285
536,180907,245.52,336
537,181294,-61.72,387
538,181617,256.61,323
539,181986,-15.75,369
540,182199,32.04,213
541,183199,78.08,1000
542,183363,-4.31,164
543,183524,-4.71,161
544,183660,37.45,136
545,184268,243.65,608
546,184596,17.66,328
547,185011,-23.47,415
548,185142,-21.93,131
549,186142,131.63,1000
550,186472,-8.84,330
551,186729,243.05,257
552,187034,241.08,305
553,187490,264.37,456
554,187912,215.37,422
555,188265,25.59,353
556,188562,253.39,297
557,188925,262.12,363
558,189219,246.95,294
559,189606,214.31,387
560,189945,234.35,339
561,190125,-25.44,180
562,190458,253.94,333
563,190740,282.35,282
564,191149,243.42,409
565,191450,250.07,301
566,191754,256.77,304
567,192213,219.33,459
568,192586,204.2,373
569,193272,-19.88,686
570,193453,15.1,181
571,193770,-129.43,317
572,194039,271.91,269
573,194463,252.27,424
574,194682,23.23,219
575,194880,2.06,198
576,195880,86.64,1000
577,196552,248.77,672
578,196665,43.05,113
579,196994,-0.03,329
580,197432,214.71,438
581,198432,116.68,1000
582,198796,220.09,364
583,198927,20.42,131
584,199075,-21.86,148
585,199357,252.42,282
586,199629,239.35,272
587,199959,217.21,330
588,200368,204.06,409
589,200717,224.45,349
590,201131,229.12,414
591,201528,192.88,397
592,201903,201.47,375
593,202229,284.22,326
594,202417,-20.93,188
595,202542,-12.45,125
596,202938,211.04,396
597,203247,231.38,309
598,203442,-2.99,195
599,203833,201.83,391
600,204833,105.58,1000
601,205172,264.74,339
602,205335,1.57,163
603,206335,128.3,1000
604,206665,250.09,330
605,207004,232.4,339
606,207487,225.03,483
607,207811,248.33,324
608,208042,-0.09,231
609,208429,239.38,387
610,208587,1.88,158
611,208909,233.48,322
612,209242,236.52,333
613,209549,214.36,307
614,209794,38.16,245
615,210083,256.98,289
616,210441,-19.86,358
617,210826,232.14,385
618,211099,263.72,273
619,211361,12.63,262
620,211631,225.59,270
621,212132,214.0,501
622,212981,276.28,849
623,213430,-50.09,449
624,213713,255.08,283
625,214007,230.3,294
626,214834,-118.11,827
627,215165,254.8,331
628,215392,274.7,227
629,215841,162.64,449
630,216125,253.08,284
631,216472,194.91,347
632,216900,-39.55,428
633,217209,238.89,309
634,217594,213.78,385
635,217909,243.86,315
636,218118,-24.84,209
637,218420,258.51,302
638,218738,-20.1,318
639,219057,263.42,319
640,219421,242.58,364
641,219793,-23.6,372
642,220243,270.38,450
643,220782,185.16,539
644,221175,200.95,393
645,221496,-33.24,321
646,221793,-30.87,297
647,222241,208.25,448
648,222763,243.22,522
649,223377,174.0,614
650,223593,-8.01,216
651,223787,32.22,194
652,224126,258.27,339
653,224447,244.61,321
654,225022,236.64,575
655,226022,79.92,1000
656,226338,-6.25,316
657,226569,5.8,231
658,226868,231.05,299
659,227439,182.31,571
660,227721,-4.86,282
661,228068,243.4,347
662,228342,24.59,274
663,228698,206.5,356
664,228961,254.65,263
665,229308,206.53,347
666,229644,248.19,336
667,230081,-73.85,437
668,230269,37.46,188
669,230430,-10.04,161
670,230783,221.43,353
671,231138,230.12,355
672,231513,231.43,375
673,231864,259.15,351
674,232457,147.2,593
675,232878,218.11,421
676,233180,251.37,302
677,233491,253.75,311
678,233770,258.91,279
679,234157,225.1,387
680,234505,242.58,348
681,234973,224.68,468
682,235400,256.17,427
683,235830,203.07,430
684,236372,244.71,542
685,236615,6.12,243
686,236935,254.93,320
687,237310,234.93,375
688,237612,256.44,302
689,237918,263.29,306
690,238249,-25.49,331
691,238643,249.99,394
692,239013,218.93,370
693,239284,33.66,271
694,239692,228.82,408
695,240406,176.19,714
696,240735,-11.01,329
697,241042,243.99,307
698,241419,-0.03,377
699,242075,250.05,656
700,242467,212.43,392
701,242821,260.52,354
702,243152,232.51,331
703,243547,259.62,395
704,243896,241.69,349
705,244234,226.81,338
706,244534,11.0,300
707,244940,214.45,406
708,245263,-22.4,323
709,245673,220.52,410
710,246106,219.21,433
711,246430,267.04,324
712,246739,295.1,309
713,247231,259.51,492
714,247536,234.69,305
715,247912,247.91,376
716,248282,258.06,370
717,248709,234.85,427
718,249100,273.51,391
719,249378,31.74,278
720,249676,235.35,298
721,249941,3.83,265
722,250280,248.51,339
723,250549,44.41,269
724,250908,245.56,359
725,251296,238.18,388
726,251605,17.66,309
727,251975,234.19,370
728,252243,32.76,268
729,252533,52.64,290
730,252911,228.25,378
731,253179,6.19,268
732,253577,261.03,398
733,254577,126.73,1000
734,255184,156.11,607
735,255554,234.4,370
736,255924,244.34,370
737,256260,20.54,336
738,256654,226.49,394
739,257044,231.15,390
740,257363,243.86,319
741,257682,248.44,319
742,258078,230.56,396
743,258316,11.33,238
744,258625,244.39,309
745,258980,251.5,355
746,259312,243.83,332
747,259693,203.07,381
748,260047,264.01,354
749,260401,244.95,354
750,260818,267.21,417
751,261169,259.07,351
752,262169,142.48,1000
753,262544,214.37,375
754,262921,241.92,377
755,263277,260.37,356
756,263616,238.0,339
757,263946,207.32,330
758,264266,264.52,320
759,264645,218.03,379
760,265156,190.39,511
761,265528,212.82,372
762,265869,253.54,341
763,266204,271.02,335
764,266577,233.12,373
765,266896,18.96,319
766,267224,237.58,328
767,267619,257.48,395
768,267980,254.03,361
769,268421,228.17,441
770,268748,248.31,327
771,269099,257.34,351
772,269467,218.94,368
773,269848,272.62,381
774,270142,279.15,294
775,270464,252.88,322
776,270786,250.51,322
777,271227,269.29,441
778,271551,246.06,324
779,271918,259.19,367
780,272216,266.62,298
781,272545,273.21,329
782,272904,260.5,359
783,273214,250.37,310
784,273735,204.27,521
785,274025,291.47,290
786,274298,285.89,273
787,274640,276.38,342
788,274896,19.53,256
789,275264,274.18,368
790,275554,266.94,290
791,275898,248.4,344
792,276256,272.2,358
793,276590,254.13,334
794,276855,36.97,265
795,277179,219.14,324
796,277502,269.98,323
797,277826,270.3,324
798,278173,278.1,347
799,278478,272.91,305
800,278777,281.03,299
801,279144,259.47,367
802,279478,273.21,334
803,279861,260.04,383
804,280197,249.68,336
805,280506,234.08,309
806,280844,247.8,338
807,281163,245.93,319
808,281430,285.33,267
809,281739,266.45,309
810,282099,247.94,360
811,282409,244.6,310
812,282647,38.68,238
813,282932,282.95,285
814,283274,256.21,342
815,283660,279.32,386
816,284068,254.6,408
817,284393,242.18,325
818,284759,255.99,366
819,285102,265.93,343
820,285361,19.51,259
821,285675,258.46,314
822,286010,251.4,335
823,286388,275.03,378
824,286771,297.21,383
825,287083,244.38,312
826,287332,13.08,249
827,287629,264.4,297
828,287908,268.98,279
829,288270,277.26,362
830,288594,245.61,324
831,288890,256.8,296
832,289221,258.06,331
833,289546,264.86,325
834,289858,295.33,312
835,290184,266.11,326
836,290491,260.26,307
837,290787,261.37,296
838,291096,217.48,309
839,291369,280.95,273
840,291981,212.89,612
841,292303,278.99,322
842,292673,277.65,370
843,292997,281.79,324
844,293300,260.2,303
845,293597,253.23,297
846,293937,252.96,340
847,294264,210.4,327
848,294598,272.56,334
849,294891,266.87,293
850,295165,284.08,274
851,295472,269.58,307
852,295723,16.89,251
853,296032,248.6,309
854,296358,264.84,326
855,296686,249.65,328
856,296974,266.79,288
857,297295,264.77,321
858,297587,264.73,292
859,297887,244.64,300
860,298227,263.04,340
861,298589,293.67,362
862,299347,197.8,758
863,299632,254.22,285
864,299923,280.04,291
865,300258,273.69,335
866,300593,275.27,335
867,300911,227.62,318
868,301241,252.54,330
869,301550,264.33,309
870,301864,242.59,314
871,302191,260.48,327
872,302460,273.63,269
873,302775,249.46,315
874,303037,304.1,262
875,303329,288.36,292
876,303642,270.72,313
877,303913,225.96,271
878,304171,282.04,258
879,304497,249.51,326
880,304844,247.01,347
881,305184,250.23,340
882,305577,257.0,393
883,305854,251.17,277
884,306144,241.54,290
885,306432,249.73,288
886,306736,222.48,304
887,307051,258.21,315
888,307394,273.81,343
889,307674,273.99,280
890,307959,248.03,285
891,308270,255.84,311
892,308577,258.27,307
893,308853,255.86,276
894,309148,264.18,295
895,309444,223.8,296
896,309861,277.27,417
897,310202,277.81,341
898,310490,270.4,288
899,310791,250.06,301
900,311077,268.83,286
901,311412,256.91,335
902,311695,292.46,283
903,311988,262.08,293
904,312216,6.3,228
905,312515,269.73,299
906,312811,267.63,296
907,313142,262.27,331
908,313418,286.08,276
909,313681,258.55,263
910,313975,250.0,294
911,314150,-9.95,175
912,314871,263.56,721
913,315181,252.63,310
914,315463,280.37,282
915,315723,251.84,260
916,316009,221.92,286
917,316300,243.99,291
918,316572,289.83,272
919,316877,267.31,305
920,317188,246.38,311
921,317492,280.35,304
922,318088,218.11,596
923,318411,261.36,323
924,318699,262.59,288
925,319109,282.12,410
926,319398,261.12,289
927,319690,259.33,292
928,319993,280.47,303
929,320331,278.95,338
930,320576,43.31,245
931,320876,240.45,300
932,321148,222.83,272
933,321463,238.66,315
934,321769,265.79,306
935,322103,271.86,334
936,322428,253.78,325
937,322687,268.64,259
938,322997,262.12,310
939,323274,268.38,277
940,323562,242.32,288
941,323859,298.37,297
942,324182,267.21,323
943,324480,275.44,298
944,324829,259.66,349
945,325124,277.84,295
946,325805,210.32,681
947,326098,279.82,293
948,326424,269.68,326
949,326752,302.97,328
950,326983,43.83,231
951,327272,292.97,289
952,327544,281.2,272
953,327861,273.99,317
954,328126,278.43,265
955,328435,233.5,309
956,328709,240.34,274
957,328993,268.97,284
958,329291,233.16,298
959,329626,250.13,335
960,329894,253.63,268
961,330224,253.04,330
962,330818,225.76,594
963,331100,255.49,282
964,331425,266.09,325
965,331693,267.25,268
966,331991,262.42,298
967,332279,244.05,288
968,332578,237.61,299
969,332861,271.19,283
970,333169,229.94,308
971,333516,278.22,347
972,333782,291.58,266
973,334125,224.1,343
974,334440,226.55,315
975,334715,284.72,275
976,335002,262.53,287
977,335314,256.53,312
978,335596,259.33,282
979,335913,279.83,317
980,336203,241.86,290
981,336722,285.56,519
982,337029,256.3,307
983,337841,199.48,812
984,338128,255.09,287
985,338369,52.54,241
986,338678,261.85,309
987,338954,233.67,276
988,339272,262.16,318
989,339557,278.9,285
990,339911,275.31,354
991,340375,224.84,464
992,340656,230.05,281
993,340959,260.48,303
994,341279,225.63,320
995,341570,252.57,291
996,341867,236.37,297
997,342164,220.22,297
998,342396,49.48,232
999,342703,266.62,307
1000,343037,255.32,334
1001,343325,264.67,288
1002,343647,255.65,322
1003,343935,268.45,288
1004,344347,291.32,412
1005,344670,260.73,323
1006,344955,259.91,285
1007,345285,258.7,330
1008,345591,288.96,306
1009,345899,238.66,308
1010,346203,261.19,304
1011,346511,277.03,308
1012,346744,9.92,233
1013,346978,72.05,234
1014,347277,256.0,299
1015,347646,278.08,369
1016,347955,272.33,309
1017,348244,45.91,289
1018,348539,220.0,295
1019,348878,266.68,339
1020,349191,257.32,313
1021,349504,270.47,313
1022,349814,290.72,310
1023,350128,293.15,314
1024,350455,306.37,327
1025,350770,234.41,315
1026,351082,265.6,312
1027,351427,264.26,345
1028,351748,251.42,321
1029,352077,282.26,329
1030,352392,276.2,315
1031,352648,291.91,256
1032,352967,245.79,319
1033,353280,259.14,313
1034,353595,262.42,315
1035,353885,241.38,290
1036,354164,275.49,279
1037,354465,269.45,301
1038,354775,226.52,310
1039,355105,232.64,330
1040,355427,243.58,322
1041,355716,242.68,289
1042,356054,254.94,338
1043,356378,277.8,324
1044,356696,288.17,318
1045,356930,61.48,234
1046,357216,256.19,286
1047,357513,275.53,297
1048,357854,270.39,341
1049,358217,292.16,363
1050,358513,245.75,296
1051,358834,247.54,321
1052,359437,281.0,603
1053,359737,249.59,300
1054,360053,228.32,316
1055,360381,255.0,328
1056,360664,278.13,283
1057,360937,277.45,273
1058,361255,263.63,318
1059,361563,276.25,308
1060,361894,246.26,331
1061,362223,269.06,329
1062,362525,286.0,302
1063,362850,258.85,325
1064,363161,243.06,311
1065,363481,270.39,320
1066,363771,272.68,290
1067,364055,276.82,284
1068,364332,238.51,277
1069,364627,247.42,295
1070,365005,282.8,378
1071,365291,277.96,286
1072,365573,239.05,282
1073,365882,223.05,309
1074,366198,253.43,316
1075,366510,233.56,312
1076,367510,149.71,1000
1077,367786,241.33,276
1078,368087,274.82,301
1079,368391,249.46,304
1080,368704,268.27,313
1081,369036,284.85,332
1082,369331,259.57,295
1083,369645,265.72,314
1084,369947,281.64,302
1085,370260,290.7,313
1086,370569,251.09,309
1087,370868,275.1,299
1088,371165,232.53,297
1089,371442,259.98,277
1090,371727,255.96,285
1091,372042,237.89,315
1092,372259,32.05,217
1093,372542,274.82,283
1094,372870,285.01,328
1095,373210,246.09,340
1096,373550,282.74,340
1097,373869,258.61,319
1098,374144,252.33,275
1099,374471,255.81,327
1100,374794,226.52,323
1101,375062,268.98,268
1102,375368,301.07,306
1103,375648,243.4,280
1104,375950,266.83,302
1105,376238,268.12,288
1106,376461,23.48,223
1107,376772,275.82,311
1108,377101,249.62,329
1109,377388,297.89,287
1110,377666,270.12,278
1111,377973,256.61,307
1112,378266,286.85,293
1113,378515,39.32,249
1114,378826,274.86,311
1115,379102,226.13,276
1116,379391,239.35,289
1117,379680,245.83,289
1118,380035,275.69,355
1119,380354,232.8,319
1120,380667,257.25,313
1121,381667,165.87,1000
1122,381944,264.3,277
1123,382268,232.41,324
1124,382507,59.26,239
1125,382845,262.45,338
1126,383073,17.21,228
1127,383345,262.67,272
1128,383636,227.14,291
1129,383983,221.46,347
1130,384261,280.13,278
1131,384559,270.75,298
1132,384919,286.29,360
1133,385218,247.17,299
1134,385553,277.15,335
1135,385829,226.78,276
1136,386130,246.65,301
1137,386371,47.08,241
1138,386671,270.1,300
1139,386947,234.95,276
1140,387199,241.45,252
1141,387568,302.23,369
1142,387860,275.56,292
1143,388137,233.85,277
1144,388427,226.52,290
1145,388694,270.14,267
1146,389015,290.43,321
1147,389269,46.97,254
1148,390269,150.65,1000
1149,390563,239.67,294
1150,390836,275.24,273
1151,391077,58.39,241
1152,391396,267.87,319
1153,391680,238.9,284
1154,391878,28.21,198
1155,392153,272.53,275
1156,392432,58.75,279
1157,392689,263.6,257
1158,392924,47.68,235
1159,393398,226.59,474
1160,393673,249.43,275
1161,393931,63.31,258
1162,394248,256.53,317
1163,394506,-8.36,258
1164,394802,272.78,296
1165,395039,62.19,237
1166,395272,-2.73,233
1167,395614,237.85,342
1168,395893,243.76,279
1169,396193,259.74,300
1170,396503,281.65,310
1171,396775,254.43,272
1172,397088,255.16,313
1173,397385,245.34,297
1174,397671,276.14,286
1175,397936,282.04,265
1176,398213,260.44,277
1177,398487,247.77,274
1178,398759,269.1,272
1179,399050,255.01,291
1180,399318,239.64,268
1181,399629,291.34,311
1182,399908,271.13,279
1183,400224,293.31,316
1184,400498,275.49,274
1185,400831,282.02,333
1186,401099,254.87,268
1187,401361,272.28,262
1188,401645,249.17,284
1189,401928,249.69,283
1190,402260,251.03,332
1191,402697,206.95,437
1192,402974,259.04,277
1193,403258,266.08,284
1194,403568,285.87,310
1195,403860,256.64,292
1196,404143,275.86,283
1197,404443,223.95,300
1198,404744,267.94,301
1199,405032,255.06,288
1200,405360,258.92,328
1201,405606,26.67,246
1202,405844,9.59,238
1203,406130,295.44,286
1204,406440,279.65,310
1205,406718,228.03,278
1206,407017,300.02,299
1207,407337,292.7,320
1208,407632,240.15,295
1209,407964,281.55,332
1210,408278,306.12,314
1211,408712,159.87,434
1212,408993,265.74,281
1213,409302,254.23,309
1214,409527,47.53,225
1215,409850,242.85,323
1216,410128,266.58,278
1217,410390,256.36,262
1218,410698,262.02,308
1219,411000,279.07,302
1220,411266,271.73,266
1221,411539,262.15,273
1222,411847,281.08,308
1223,412165,285.63,318
1224,412465,276.22,300
1225,412729,231.99,264
1226,413043,267.04,314
1227,413332,265.7,289
1228,413634,274.27,302
1229,413981,279.53,347
1230,414271,264.31,290
1231,414605,287.35,334
1232,414948,283.85,343
1233,415226,249.93,278
1234,415487,271.24,261
1235,415767,267.66,280
1236,416051,244.37,284
1237,416345,266.87,294
1238,416640,280.73,295
1239,416963,281.99,323
1240,417212,249.31,249
1241,417487,251.15,275
1242,417801,265.85,314
1243,418347,202.81,546
1244,418628,239.62,281
1245,418897,275.79,269
1246,419191,252.54,294
1247,419480,248.34,289
1248,419773,282.0,293
1249,420096,250.5,323
1250,420379,245.55,283
1251,420643,270.01,264
1252,420933,287.6,290
1253,421246,245.3,313
1254,421523,255.86,277
1255,421793,227.97,270
1256,422086,309.76,293
1257,422382,274.79,296
1258,422644,229.76,262
1259,422954,259.79,310
1260,423224,274.04,270
1261,423492,241.38,268
1262,423838,271.47,346
1263,424122,260.26,284
1264,424399,231.35,277
1265,424693,303.4,294
1266,424981,240.07,288
1267,425288,263.3,307
1268,425553,242.92,265
1269,425849,267.42,296
1270,426128,273.5,279
1271,426466,304.65,338
1272,426751,236.5,285
1273,427026,248.32,275
1274,427312,257.43,286
1275,427575,255.23,263
1276,427850,257.73,275
1277,428097,280.8,247
1278,428402,261.88,305
1279,428677,278.88,275
1280,428947,287.55,270
1281,429262,269.59,315
1282,429557,269.16,295
1283,429817,276.57,260
1284,430081,299.78,264
1285,430349,250.38,268
1286,430621,254.0,272
1287,430873,287.91,252
1288,431164,307.15,291
1289,431443,264.31,279
1290,431757,257.8,314
1291,432013,289.33,256
1292,432297,253.51,284
1293,432580,259.76,283
1294,432868,260.55,288
1295,433152,279.45,284
1296,433422,246.74,270
1297,433694,280.81,272
1298,433952,264.35,258
1299,434240,235.41,288
1300,434520,247.4,280
1301,434817,270.83,297
1302,435120,263.82,303
1303,435401,267.19,281
1304,435712,271.13,311
1305,435985,237.08,273
1306,436268,249.23,283
1307,436542,261.09,274
1308,436846,294.53,304
1309,437166,281.11,320
1310,437426,288.63,260
1311,437702,255.82,276
1312,437976,268.55,274
1313,438246,302.16,270
1314,438532,274.94,286
1315,438824,262.56,292
1316,439100,279.49,276
1317,439350,37.01,250
1318,439649,254.64,299
1319,439941,259.76,292
1320,440207,273.19,266
1321,440511,294.84,304
1322,440771,260.64,260
1323,441042,237.8,271
1324,441284,14.97,242
1325,441573,257.39,289
1326,441865,258.01,292
1327,442080,40.85,215
1328,443080,164.56,1000
1329,443361,260.25,281
1330,443567,41.09,206
1331,443823,276.5,256
1332,444082,264.39,259
1333,444296,37.46,214
1334,444496,43.88,200
1335,444774,271.73,278
1336,445101,289.29,327
1337,445382,227.14,281
1338,445648,298.64,266
1339,445922,238.8,274
1340,446188,273.77,266
1341,447188,181.93,1000
1342,447578,293.75,390
1343,448578,89.38,1000
1344,448883,275.81,305
1345,449172,238.43,289
1346,449491,276.2,319
1347,449735,245.23,244
1348,450003,255.98,268
1349,450298,289.19,295
1350,450582,263.31,284
1351,450859,257.12,277
1352,451143,282.3,284
1353,451457,270.96,314
1354,451720,273.94,263
1355,452014,271.01,294
1356,452243,79.74,229
1357,452497,274.58,254
1358,452771,263.44,274
1359,453093,291.2,322
1360,453377,288.56,284
1361,453662,268.68,285
1362,453952,279.7,290
1363,454248,283.64,296
1364,454519,244.06,271
1365,454846,299.9,327
1366,455197,281.49,351
1367,455519,290.96,322
1368,455839,277.66,320
1369,456074,62.11,235
1370,456342,242.02,268
1371,456620,289.87,278
1372,456884,304.83,264
1373,457199,282.17,315
1374,457497,254.28,298
1375,457760,260.82,263
1376,458027,237.1,267
1377,458295,263.97,268
1378,458578,265.95,283
1379,458792,54.49,214
1380,459058,254.64,266
1381,459350,283.79,292
1382,459611,232.54,261
1383,459870,256.09,259
1384,460114,296.98,244
1385,460398,268.87,284
1386,460982,179.51,584
1387,461307,280.24,325
1388,461585,277.25,278
1389,461840,251.56,255
1390,462089,285.09,249
1391,462406,279.84,317
1392,462657,301.59,251
1393,462923,240.54,266
1394,463203,289.29,280
1395,463448,272.08,245
1396,463724,271.67,276
1397,463992,275.68,268
1398,464201,55.86,209
1399,464455,263.12,254
1400,464734,267.46,279
1401,464973,276.52,239
1402,465203,244.66,230
1403,465489,285.85,286
1404,465717,271.33,228
1405,466030,279.45,313
1406,466324,268.65,294
1407,466577,242.81,253
1408,466830,240.37,253
1409,467086,295.61,256
1410,468086,90.38,1000
1411,468413,265.95,327
1412,468685,273.01,272
1413,468955,269.81,270
1414,469955,138.8,1000
1415,470955,182.31,1000
1416,471215,241.93,260
1417,471497,271.16,282
1418,471779,269.64,282
1419,472021,275.59,242
1420,472262,48.76,241
1421,472524,268.73,262
1422,472815,247.24,291
1423,473109,255.29,294
1424,474018,291.54,909
1425,474307,258.2,289
1426,474636,301.98,329
1427,474912,258.95,276
1428,475142,258.9,230
1429,475390,237.2,248
1430,475639,292.79,249
1431,475888,273.04,249
1432,476151,251.84,263
1433,476433,220.19,282
1434,476687,260.5,254
1435,476985,270.99,298
1436,477311,295.7,326
1437,477558,277.15,247
1438,477836,239.27,278
1439,478132,245.54,296
1440,478376,243.72,244
1441,478608,267.05,232
1442,478809,51.25,201
1443,479062,271.82,253
1444,479300,288.15,238
1445,479542,262.95,242
1446,479811,287.35,269
1447,480048,57.04,237
1448,480344,281.09,296
1449,480576,277.66,232
1450,480857,285.49,281
1451,481169,264.54,312
1452,481460,270.57,291
1453,481668,37.55,208
1454,481881,38.33,213
1455,482881,149.22,1000
1456,483126,259.97,245
1457,483436,280.1,310
1458,483721,274.55,285
1459,484002,234.08,281
1460,484249,264.95,247
1461,484582,257.07,333
1462,484813,281.02,231
1463,485081,252.14,268
1464,486081,123.05,1000
1465,486440,280.97,359
1466,487440,114.3,1000
1467,488440,152.9,1000
1468,489126,279.1,686
1469,489403,266.1,277
1470,489695,275.79,292
1471,489979,271.41,284
1472,490262,283.18,283
1473,490550,270.99,288
1474,490756,22.57,206
1475,490957,44.0,201
1476,491305,265.92,348
1477,491593,282.49,288
1478,491786,39.7,193
1479,491949,11.22,163
1480,492276,264.24,327
1481,492551,238.52,275
1482,492813,270.02,262
1483,493177,284.45,364
1484,493469,234.01,292
1485,493665,37.9,196
1486,493886,252.11,221
1487,494155,284.87,269
1488,494435,263.16,280
1489,494680,302.95,245
1490,494922,302.09,242
1491,495192,289.95,270
1492,496192,126.64,1000
1493,496378,-11.27,186
1494,496953,302.67,575
1495,497158,40.27,205
1496,497368,57.72,210
1497,497963,187.8,595
1498,498311,292.92,348
1499,498552,263.37,241
1500,498818,236.79,266
1501,499003,45.22,185
1502,499237,229.33,234
1503,499561,283.75,324
1504,499795,245.96,234
1505,500093,251.02,298
1506,500366,267.84,273
1507,500655,282.09,289
1508,500981,257.1,326
1509,501187,62.25,206
1510,501453,270.68,266
1511,501714,230.0,261
1512,502008,282.48,294
1513,502285,255.75,277
1514,502595,294.69,310
1515,502857,304.96,262
1516,503104,254.82,247
1517,503407,288.96,303
1518,503682,281.6,275
1519,503953,254.47,271
1520,504218,288.72,265
1521,504525,257.91,307
1522,504794,272.84,269
1523,505103,264.14,309
1524,505350,280.03,247
1525,505553,54.86,203
1526,505800,266.11,247
1527,506800,167.55,1000
1528,507029,257.42,229
1529,507284,265.67,255
1530,507565,294.32,281
1531,507842,275.62,277
1532,508107,283.4,265
1533,508350,281.4,243
1534,508638,270.08,288
1535,508926,267.41,288
1536,509204,303.14,278
1537,509457,285.91,253
1538,509697,293.14,240
1539,509983,273.41,286
1540,510239,268.64,256
1541,510500,249.92,261
1542,511500,126.01,1000
1543,511784,244.84,284
1544,512086,291.27,302
1545,512373,290.6,287
1546,512609,255.7,236
1547,512892,287.52,283
1548,513892,133.55,1000
1549,514072,56.51,180
1550,514957,282.0,885
1551,515957,157.44,1000
1552,516197,275.2,240
1553,516675,245.68,478
1554,516916,296.27,241
1555,517197,280.42,281
1556,517468,273.67,271
1557,517794,247.12,326
1558,518193,274.26,399
1559,518531,271.79,338
1560,518809,243.27,278
1561,519084,255.62,275
1562,519354,270.35,270
1563,519659,262.11,305
1564,519961,286.78,302
1565,520180,61.97,219
1566,520569,294.86,389
1567,520896,300.53,327
1568,521216,276.06,320
1569,521575,250.44,359
1570,521890,263.98,315
1571,522207,282.26,317
1572,522490,290.73,283
1573,522743,255.55,253
1574,523254,278.05,511
1575,523432,34.1,178
1576,524400,201.08,968
1577,524694,259.47,294
1578,525694,164.44,1000
1579,526006,265.71,312
1580,526298,260.57,292
1581,526626,237.33,328
1582,526943,289.1,317
1583,527197,285.77,254
1584,528197,151.04,1000
1585,528526,260.57,329
1586,529365,245.6,839
1587,529677,283.01,312
1588,530066,278.28,389
1589,530588,261.28,522
1590,530958,269.54,370
1591,531640,226.52,682
1592,531954,250.62,314
1593,532954,127.9,1000
1594,533218,267.67,264
1595,533621,260.63,403
1596,533819,30.45,198
1597,534051,251.75,232
1598,534300,269.72,249
1599,534565,289.3,265
1600,534924,265.23,359
1601,535181,299.93,257
1602,535459,273.69,278
1603,535808,265.35,349
1604,536085,267.27,277
1605,536468,272.13,383
1606,536665,44.32,197
1607,536944,287.92,279
1608,537193,280.67,249
1609,537482,258.72,289
1610,537763,242.09,281
1611,538062,250.71,299
1612,538971,271.41,909
1613,539231,239.16,260
1614,539900,277.42,669
1615,540162,238.0,262
1616,540444,260.27,282
1617,541285,268.37,841
1618,542285,120.82,1000
1619,542541,285.62,256
1620,542856,288.53,315
1621,543147,255.72,291
1622,543385,291.32,238
1623,544385,139.15,1000
1624,544629,259.32,244
1625,544885,279.37,256
1626,545454,240.46,569
1627,546454,149.33,1000
1628,547454,162.15,1000
1629,548454,165.05,1000
1630,549454,171.61,1000
1631,550454,131.38,1000
1632,551454,154.43,1000
1633,552454,140.43,1000
1634,553347,283.14,893
1635,553858,208.66,511
1636,554858,146.26,1000
1637,555688,247.88,830
1638,556620,232.53,932
1639,557620,163.49,1000
1640,557852,32.33,232
1641,558567,237.23,715
1642,559135,280.55,568
1643,559618,304.57,483
1644,560565,258.46,947
1645,561565,158.85,1000
1646,562537,294.98,972
1647,563234,275.59,697
1648,563528,265.71,294
1649,563867,273.93,339
1650,564304,282.53,437
1651,564615,288.24,311
1652,565348,271.53,733
1653,565609,258.8,261
1654,565891,289.47,282
1655,566331,299.0,440
1656,566773,296.23,442
1657,567136,252.24,363
1658,567489,305.5,353
1659,568489,166.88,1000
1660,568769,246.26,280
1661,569091,232.28,322
1662,570091,155.5,1000
1663,570431,249.53,340
1664,570751,307.21,320
1665,571022,241.8,271
1666,571463,273.68,441
1667,571738,290.96,275
1668,572013,265.65,275
1669,572297,254.03,284
1670,572633,236.59,336
1671,572960,266.31,327
1672,573244,274.84,284
1673,573554,249.5,310
1674,573876,261.01,322
1675,574155,285.9,279
1676,574462,262.6,307
1677,574774,249.61,312
1678,575153,259.14,379
1679,575452,278.05,299
1680,575762,285.0,310
1681,576085,283.39,323
1682,576373,294.34,288
1683,576620,286.45,247
1684,576952,277.73,332
1685,577209,246.94,257
1686,577495,252.64,286
1687,577762,237.64,267
1688,578064,258.13,302
1689,578469,291.29,405
1690,578750,249.54,281
1691,579005,293.35,255
1692,579264,230.47,259
1693,579574,289.38,310
1694,579890,287.52,316
1695,580170,250.61,280
1696,581170,167.16,1000
1697,581582,289.76,412
1698,581838,264.4,256
1699,582115,284.19,277
1700,582411,271.2,296
1701,582665,273.03,254
1702,582948,279.85,283
1703,583251,264.78,303
1704,583592,278.8,341
1705,583855,263.62,263
1706,584121,277.32,266
1707,584409,288.3,288
1708,584688,265.17,279
1709,584983,301.56,295
1710,585276,268.44,293
1711,585544,300.1,268
1712,585823,255.37,279
1713,586113,292.3,290
1714,586395,247.05,282
1715,586643,287.7,248
1716,586892,271.81,249
1717,587179,280.63,287
1718,587439,281.39,260
1719,587727,284.2,288
1720,587998,294.04,271
1721,588257,261.13,259
1722,588585,297.76,328
1723,588879,243.7,294
1724,589264,272.47,385
1725,589508,274.16,244
1726,589783,233.39,275
1727,590084,286.44,301
1728,590347,278.06,263
1729,590621,253.12,274
1730,590903,264.75,282
1731,591802,186.24,899
1732,592090,241.99,288
1733,592456,264.77,366
1734,592865,258.87,409
1735,593197,251.19,332
1736,593773,269.63,576
1737,594310,272.02,537
1738,594697,266.92,387
1739,594955,283.81,258
1740,595248,275.7,293
1741,595533,265.79,285
1742,595857,303.69,324
1743,596215,270.27,358
1744,596563,285.1,348
1745,596813,262.52,250
1746,597172,286.32,359
1747,597505,290.14,333
1748,597763,243.42,258
1749,598066,257.36,303
1750,598347,255.49,281
1751,598682,287.6,335
1752,598967,269.47,285
1753,599301,287.78,334
1754,599565,262.69,264
1755,599850,246.07,285
1756,600850,178.3,1000
1757,601173,280.12,323
1758,601494,276.48,321
1759,601794,275.88,300
1760,602102,285.89,308
1761,602387,256.5,285
1762,602648,42.57,261
1763,602980,286.15,332
1764,603365,272.6,385
1765,603790,275.69,425
1766,604030,273.1,240
1767,605030,136.21,1000
1768,605301,298.58,271
1769,605578,280.91,277
1770,605876,249.59,298
1771,606266,262.26,390
1772,606650,284.35,384
1773,606924,225.33,274
1774,607170,249.81,246
1775,608132,183.21,962
1776,608431,257.98,299
1777,608773,284.46,342
1778,609050,269.78,277
1779,609339,268.44,289
1780,609631,295.67,292
1781,609912,245.44,281
1782,610165,286.22,253
1783,610415,294.87,250
1784,610661,239.99,246
1785,610951,257.31,290
1786,611240,263.01,289
1787,612240,135.44,1000
1788,612502,252.89,262
1789,612806,265.26,304
1790,613047,302.16,241
1791,613328,286.88,281
1792,613577,258.19,249
1793,613832,255.38,255
1794,614150,289.17,318
1795,614406,251.37,256
1796,614696,269.2,290
1797,614976,289.1,280
1798,615225,275.46,249
1799,615908,160.35,683
1800,616171,242.48,263
1801,616412,271.61,241
1802,616703,283.04,291
1803,616993,269.93,290
1804,617275,269.79,282
1805,617540,255.68,265
1806,617812,270.41,272
1807,618106,269.83,294
1808,618366,270.2,260
1809,618668,282.87,302
1810,618936,229.58,268
1811,619188,271.65,252
1812,619425,263.28,237
1813,619708,268.96,283
1814,619973,241.14,265
1815,620275,282.99,302
1816,620559,290.04,284
1817,620976,198.75,417
1818,621244,310.75,268
1819,621527,280.52,283
1820,621776,268.46,249
1821,622016,264.3,240
1822,622281,253.76,265
1823,622596,305.97,315
1824,622872,268.41,276
1825,623180,273.64,308
1826,623435,281.86,255
1827,623691,247.03,256
1828,624691,161.74,1000
1829,624949,255.4,258
1830,625233,267.7,284
1831,625473,296.78,240
1832,626473,151.54,1000
1833,626766,276.78,293
1834,627042,237.0,276
1835,627321,253.77,279
1836,627553,254.5,232
1837,627799,261.58,246
1838,628041,297.62,242
1839,628300,277.93,259
1840,628581,239.97,281
1841,628906,283.48,325
1842,629235,273.08,329
1843,630042,218.68,807
1844,630443,296.21,401
1845,630728,288.24,285
1846,631019,232.97,291
1847,631300,240.38,281
1848,631569,278.13,269
1849,631839,285.17,270
1850,632087,253.52,248
1851,633087,143.69,1000
1852,633370,255.93,283
1853,633721,244.75,351
1854,634025,264.48,304
1855,634355,229.35,330
1856,634718,274.79,363
1857,635718,120.5,1000
1858,636027,293.63,309
1859,637027,158.15,1000
1860,637316,274.46,289
1861,637648,268.41,332
1862,637894,274.89,246
1863,638162,269.51,268
1864,638444,279.26,282
1865,638749,263.77,305
1866,639068,283.02,319
1867,639377,292.57,309
1868,640176,222.48,799
1869,640468,257.01,292
1870,640760,258.31,292
1871,641048,266.79,288
1872,641685,207.6,637
1873,641965,272.4,280
1874,642965,115.23,1000
1875,643260,274.2,295
1876,643510,267.14,250
1877,644028,276.5,518
1878,644306,269.31,278
1879,644637,259.73,331
1880,644948,279.98,311
1881,645196,235.23,248
1882,645470,278.68,274
1883,645743,260.27,273
1884,646402,299.67,659
1885,646684,258.39,282
1886,646976,245.56,292
1887,647225,259.48,249
1888,648225,172.5,1000
1889,649225,147.84,1000
1890,649878,204.61,653
1891,650179,236.92,301
1892,650418,270.39,239
1893,651418,123.95,1000
1894,651665,242.31,247
1895,652010,269.94,345
1896,652340,270.88,330
1897,652642,271.12,302
1898,652911,299.54,269
1899,653597,265.09,686
1900,653860,273.01,263
1901,654177,254.23,317
1902,654483,247.78,306
1903,654812,245.93,329
1904,655149,267.88,337
1905,655428,280.83,279
1906,655748,284.55,320
1907,656059,303.72,311
1908,656378,269.45,319
1909,656772,246.04,394
1910,657165,273.16,393
1911,657434,243.08,269
1912,658434,192.43,1000
1913,658670,1.34,236
1914,659117,259.72,447
1915,659378,235.74,261
1916,659642,257.11,264
1917,659907,278.35,265
1918,660907,156.36,1000
1919,661341,234.88,434
1920,661718,275.93,377
1921,662143,295.73,425
1922,662488,269.22,345
1923,662837,224.94,349
1924,663157,309.23,320
1925,663450,252.09,293
1926,663703,277.72,253
1927,664142,272.94,439
1928,664381,294.46,239
1929,664658,263.46,277
1930,665379,216.49,721
1931,665651,296.16,272
1932,665898,239.22,247
1933,666266,272.62,368
1934,666527,251.82,261
1935,666754,288.58,227
1936,667018,294.01,264
1937,667331,229.33,313
1938,667592,270.65,261
1939,667853,277.95,261
1940,668136,260.41,283
1941,668409,274.34,273
1942,668672,242.78,263
1943,668949,251.49,277
1944,669526,303.65,577
1945,669772,269.83,246
1946,670064,265.58,292
1947,670343,265.27,279
1948,671343,165.6,1000
1949,671613,268.83,270
1950,671891,239.88,278
1951,672177,281.03,286
1952,673177,158.59,1000
1953,673441,242.67,264
1954,673767,244.27,326
1955,674191,254.33,424
1956,674487,275.22,296
1957,674797,259.72,310
1958,675096,294.33,299
1959,675338,231.39,242
1960,675593,283.7,255
1961,675846,238.94,253
1962,676138,263.83,292
1963,677138,172.79,1000
1964,677422,254.56,284
1965,677682,259.84,260
1966,677924,247.25,242
1967,678184,245.98,260
1968,678492,271.82,308
1969,678773,274.31,281
1970,679061,310.64,288
1971,679307,255.83,246
1972,679581,278.17,274
1973,679857,260.71,276
1974,680132,290.24,275
1975,680461,296.33,329
1976,680740,259.63,279
1977,681740,158.92,1000
1978,682054,252.7,314
1979,683054,142.44,1000
1980,683314,242.12,260
1981,683605,287.53,291
1982,683880,263.49,275
1983,684112,275.54,232
1984,684402,281.62,290
1985,685402,172.69,1000
1986,685654,273.25,252
1987,685977,256.16,323
1988,686273,257.68,296
1989,686554,281.1,281
1990,687554,141.36,1000
1991,687809,295.1,255
1992,688085,286.9,276
1993,688406,285.61,321
1994,689406,159.24,1000
1995,689780,281.57,374
1996,690078,280.51,298
1997,690424,307.28,346
1998,690712,258.63,288
1999,691054,285.88,342
2000,691318,274.78,264
2001,691619,262.86,301
2002,691850,297.63,231
2003,692172,257.54,322
2004,692426,257.1,254
2005,692732,271.3,306
2006,692960,266.57,228
2007,693262,271.59,302
2008,693511,297.7,249
2009,693736,60.21,225
2010,694049,288.14,313
2011,695049,177.73,1000
2012,695333,265.2,284
2013,695627,251.8,294
2014,695892,259.9,265
2015,696150,264.75,258
2016,696382,237.65,232
2017,696708,298.05,326
2018,696959,270.83,251
2019,697238,227.96,279
2020,697474,274.94,236
2021,697870,182.99,396
2022,698095,295.46,225
2023,698329,263.15,234
2024,698643,277.85,314
2025,698902,283.79,259
2026,699129,300.58,227
2027,699437,292.11,308
2028,699724,280.39,287
2029,700020,293.05,296
2030,700292,288.05,272
2031,700637,273.78,345
2032,700884,271.09,247
2033,701171,302.21,287
2034,701444,275.75,273
2035,701708,285.21,264
2036,701956,229.22,248
2037,702956,119.22,1000
2038,703290,271.66,334
2039,703547,261.12,257
2040,704547,176.53,1000
2041,704819,246.07,272
2042,705090,271.07,271
2043,705360,290.41,270
2044,705665,280.52,305
2045,705918,261.6,253
2046,706205,266.04,287
2047,706484,292.41,279
2048,706803,273.44,319
2049,707060,243.85,257
2050,707376,297.79,316
2051,707623,256.66,247
2052,707874,246.79,251
2053,708144,244.13,270
2054,708416,283.25,272
2055,708653,281.71,237
2056,708927,292.52,274
2057,709223,311.04,296
2058,709488,289.22,265
2059,709778,300.46,290
2060,710047,254.88,269
2061,710285,282.81,238
2062,710601,282.93,316
2063,711601,170.23,1000
2064,711892,285.84,291
2065,712142,286.26,250
2066,713142,144.39,1000
2067,713432,294.57,290
2068,713711,270.42,279
2069,714010,241.62,299
2070,714263,245.28,253
2071,714528,274.23,265
2072,714782,284.73,254
2073,715037,253.22,255
2074,715279,244.55,242
2075,715557,274.21,278
2076,715831,309.82,274
2077,716099,277.31,268
2078,716384,278.7,285
2079,716641,283.33,257
2080,716895,271.67,254
2081,717155,311.01,260
2082,717422,274.35,267
2083,717673,303.43,251
2084,717911,251.03,238
2085,718158,256.85,247
2086,718420,260.62,262
2087,718682,253.06,262
2088,718976,255.73,294
2089,719253,292.02,277
2090,719506,246.79,253
2091,719769,235.81,263
2092,720011,226.54,242
2093,720276,281.39,265
2094,720535,240.08,259
2095,720849,273.36,314
2096,721114,261.48,265
2097,721371,239.32,257
2098,721644,257.92,273
2099,721917,270.26,273
2100,722208,290.51,291
2101,722440,320.46,232
2102,722686,282.88,246
2103,722963,233.66,277
2104,723235,264.56,272
2105,723514,263.89,279
2106,723799,297.94,285
2107,724035,243.11,236
2108,724347,274.66,312
2109,724618,306.09,271
2110,724902,282.8,284
2111,725153,242.25,251
2112,725415,263.39,262
2113,725693,266.24,278
2114,725936,255.01,243
2115,726186,236.84,250
2116,726456,296.08,270
2117,726719,256.91,263
2118,727019,234.13,300
2119,727254,259.21,235
2120,727507,259.41,253
2121,727793,272.03,286
2122,728005,263.45,212
2123,729005,179.14,1000
2124,729276,293.5,271
2125,729530,247.93,254
2126,729799,262.41,269
2127,730799,159.23,1000
2128,731070,285.52,271
2129,731331,291.33,261
2130,732331,176.84,1000
2131,732574,233.37,243
2132,732869,223.71,295
2133,733133,258.34,264
2134,733423,264.58,290
2135,733706,223.16,283
2136,733943,50.06,237
2137,734274,266.47,331
2138,735274,165.89,1000
2139,735591,307.73,317
2140,735851,266.51,260
2141,736108,259.23,257
2142,736380,238.9,272
2143,736658,283.63,278
2144,736902,259.73,244
2145,737168,221.18,266
2146,738168,188.6,1000
2147,738435,259.9,267
2148,738694,262.96,259
2149,738908,-5.15,214
2150,739908,136.8,1000
2151,740908,136.51,1000
2152,741161,268.99,253
2153,741460,239.09,299
2154,742460,152.49,1000
2155,742748,246.37,288
2156,743033,253.82,285
2157,743292,256.77,259
2158,743569,242.7,277
2159,743841,301.41,272
2160,744113,234.26,272
2161,744382,251.52,269
2162,744646,229.65,264
2163,744899,249.3,253
2164,745155,260.14,256
2165,745417,261.11,262
2166,745680,291.21,263
2167,745976,276.08,296
2168,746237,258.39,261
2169,746511,277.15,274
2170,747511,151.85,1000
2171,748511,106.62,1000
2172,748774,250.89,263
2173,749774,169.91,1000
2174,750054,268.9,280
2175,750326,266.48,272
2176,750616,248.26,290
2177,750889,278.51,273
2178,751168,228.16,279
2179,751455,285.2,287
2180,751711,233.11,256
2181,751975,245.69,264
2182,752235,238.74,260
2183,752489,253.07,254
2184,752783,267.85,294
2185,753044,297.52,261
2186,753307,246.38,263
2187,753586,252.97,279
2188,753834,279.91,248
2189,754070,281.64,236
2190,754354,259.66,284
2191,754638,229.88,284
2192,754914,267.83,276
2193,755181,266.57,267
2194,755435,303.5,254
2195,755721,274.28,286
2196,755988,274.31,267
2197,756302,300.06,314
2198,756565,238.81,263
2199,756815,258.65,250
2200,757098,277.13,283
2201,757407,298.72,309
2202,757671,259.7,264
2203,757934,262.11,263
2204,758220,243.63,286
2205,758500,287.49,280
2206,758805,285.77,305
2207,759047,289.23,242
2208,759352,309.54,305
2209,759640,276.0,288
2210,759901,311.7,261
2211,760901,178.27,1000
2212,761145,302.77,244
2213,762145,173.81,1000
2214,762444,245.5,299
2215,763006,255.96,562
2216,763267,270.72,261
2217,763565,302.03,298
2218,763818,281.27,253
2219,764105,272.21,287
2220,764368,250.79,263
2221,764628,273.96,260
2222,764917,251.99,289
2223,765162,252.94,245
2224,765414,255.29,252
2225,765691,292.33,277
2226,766009,302.22,318
2227,766291,291.71,282
2228,766931,198.07,640
2229,767172,310.64,241
2230,767427,270.23,255
2231,767683,276.45,256
2232,767940,269.85,257
2233,768940,165.74,1000
2234,769201,257.43,261
2235,769459,275.21,258
2236,770459,126.63,1000
2237,770704,253.28,245
2238,770992,259.31,288
2239,771290,282.7,298
2240,771533,271.87,243
2241,771798,259.63,265
2242,772071,269.31,273
2243,772322,234.46,251
2244,772592,301.81,270
2245,772826,284.15,234
2246,773826,148.65,1000
2247,774097,293.57,271
2248,774380,240.35,283
2249,775380,165.95,1000
2250,775572,60.1,192
2251,775885,284.16,313
2252,776885,140.01,1000
2253,777184,292.87,299
2254,777489,242.68,305
2255,777773,7.17,284
2256,778093,286.41,320
2257,778412,277.79,319
2258,778680,269.98,268
2259,778942,284.41,262
2260,779942,143.16,1000
2261,780210,288.04,268
2262,780452,271.33,242
2263,780774,217.47,322
2264,781387,243.94,613
2265,781646,259.75,259
2266,781959,278.87,313
2267,782226,272.95,267
2268,782501,236.52,275
2269,782755,257.32,254
2270,782987,293.69,232
2271,783250,276.03,263
2272,783515,243.17,265
2273,783815,255.35,300
2274,784127,278.49,312
2275,785127,125.29,1000
2276,785457,275.76,330
2277,785736,227.99,279
2278,785985,252.0,249
2279,786253,266.68,268
2280,786513,243.86,260
2281,786774,269.33,261
2282,787042,299.04,268
2283,787267,302.71,225
2284,787566,275.49,299
2285,787821,239.95,255
2286,788048,279.29,227
2287,788383,274.72,335
2288,788615,275.85,232
2289,789615,82.54,1000
2290,789909,292.46,294
2291,790207,287.61,298
2292,790382,76.58,175
2293,790636,267.67,254
2294,790942,317.17,306
2295,791205,255.7,263
2296,791493,296.6,288
2297,791766,267.25,273
2298,792092,239.18,326
2299,792374,276.39,282
2300,792652,257.08,278
2301,792935,291.53,283
2302,793169,250.06,234
2303,793408,254.76,239
2304,793676,289.87,268
2305,793933,258.32,257
2306,794933,162.94,1000
2307,795226,262.2,293
2308,796226,166.62,1000
2309,796465,257.54,239
2310,796750,274.36,285
2311,797750,166.06,1000
2312,797991,280.49,241
2313,798231,279.47,240
2314,798498,264.38,267
2315,798756,262.04,258
2316,799012,256.17,256
2317,799285,262.44,273
2318,799567,289.71,282
2319,799767,66.37,200
2320,800080,282.95,313
2321,800341,266.19,261
2322,800630,283.17,289
2323,800903,282.37,273
2324,801157,258.38,254
2325,801445,247.96,288
2326,802445,183.82,1000
2327,802735,270.08,290
2328,802984,285.68,249
2329,803984,155.6,1000
2330,804984,164.22,1000
2331,805273,311.35,289
2332,805529,259.37,256
2333,805799,249.05,270
2334,806059,230.12,260
2335,806352,305.95,293
2336,806637,310.22,285
2337,806906,252.22,269
2338,807145,267.18,239
2339,807409,309.93,264
2340,807694,270.3,285
2341,807985,261.47,291
2342,808260,297.81,275
2343,808513,275.09,253
2344,808780,279.1,267
2345,809090,304.54,310
2346,809340,259.83,250
2347,809582,275.81,242
2348,809858,278.59,276
2349,810123,286.37,265
2350,810393,237.35,270
2351,810631,259.79,238
2352,810896,279.21,265
2353,811172,232.44,276
2354,811602,209.0,430
2355,811846,319.2,244
2356,812140,287.62,294
2357,812410,304.36,270
2358,812652,286.86,242
2359,812900,252.83,248
2360,813900,177.81,1000
2361,814400,217.75,500
2362,814699,278.25,299
2363,814960,261.56,261
2364,815229,261.75,269
2365,815482,276.52,253
2366,815738,246.32,256
2367,815956,32.63,218
2368,816208,253.92,252
2369,816455,262.88,247
2370,816697,266.82,242
2371,816944,268.28,247
2372,817229,293.33,285
2373,818229,92.49,1000
2374,818468,257.6,239
2375,818785,251.9,317
2376,819101,264.33,316
2377,819417,292.27,316
2378,819671,302.96,254
2379,819955,263.34,284
2380,820955,114.0,1000
2381,821208,259.4,253
2382,821477,281.59,269
2383,821733,274.32,256
2384,822733,107.93,1000
2385,822979,268.06,246
2386,823979,156.37,1000
2387,824249,261.98,270
2388,824530,292.16,281
2389,825530,163.7,1000
2390,825871,293.36,341
2391,826122,281.05,251
2392,826356,276.33,234
2393,826598,243.94,242
2394,826893,255.18,295
2395,827171,265.28,278
2396,827402,255.68,231
2397,827672,301.46,270
2398,827923,253.41,251
2399,828175,307.61,252
2400,829175,167.57,1000
2401,829446,244.65,271
2402,829718,258.31,272
2403,829958,245.64,240
2404,830199,293.14,241
2405,830438,246.0,239
2406,830731,267.86,293
2407,831007,302.55,276
2408,831255,269.1,248
2409,831560,295.27,305
2410,831824,297.01,264
2411,832065,290.62,241
2412,832330,256.13,265
2413,832615,297.91,285
2414,832905,269.64,290
2415,833170,240.09,265
2416,833471,280.93,301
2417,833742,262.41,271
2418,834019,293.01,277
2419,834263,284.97,244
2420,834539,275.37,276
2421,834795,267.26,256
2422,835073,304.59,278
2423,835333,224.47,260
2424,835618,291.53,285
2425,835867,278.33,249
2426,836134,283.69,267
2427,836428,274.1,294
2428,836679,239.94,251
2429,836937,263.98,258
2430,837210,279.1,273
2431,837484,280.24,274
2432,837732,258.68,248
2433,838003,285.72,271
2434,838279,253.77,276
2435,838537,289.94,258
2436,838788,289.87,251
2437,839064,268.26,276
2438,839354,290.92,290
2439,839584,271.82,230
2440,839838,270.04,254
2441,840106,257.83,268
2442,840369,301.18,263
2443,840642,271.56,273
2444,840882,284.23,240
2445,841136,261.79,254
2446,841413,288.43,277
2447,841679,288.47,266
2448,841946,273.1,267
2449,842212,298.95,266
2450,842491,304.92,279
2451,842718,277.06,227
2452,842985,280.92,267
2453,843268,258.81,283
2454,843500,285.23,232
2455,843749,286.02,249
2456,844000,254.42,251
2457,844246,281.14,246
2458,844517,252.62,271
2459,844772,236.2,255
2460,845082,275.49,310
2461,846082,158.86,1000
2462,846349,256.45,267
2463,846578,266.34,229
2464,846836,255.66,258
2465,847115,259.73,279
2466,847386,300.08,271
2467,847659,300.32,273
2468,847911,240.08,252
2469,848171,247.47,260
2470,848427,297.3,256
2471,848697,293.56,270
2472,848939,252.74,242
2473,849230,296.96,291
2474,849492,258.29,262
2475,849734,286.44,242
2476,850016,293.13,282
2477,850260,252.16,244
2478,850534,277.28,274
2479,850806,288.11,272
2480,851073,300.12,267
2481,851312,262.53,239
2482,851565,301.86,253
2483,851792,231.14,227
2484,852020,303.42,228
2485,852262,269.51,242
2486,852535,291.3,273
2487,852823,284.79,288
2488,853086,278.78,263
2489,853310,260.46,224
2490,853560,307.98,250
2491,853836,278.92,276
2492,854088,245.03,252
2493,854336,287.28,248
2494,854580,294.0,244
2495,854844,299.3,264
2496,855844,173.4,1000
2497,856117,288.88,273
2498,856360,242.92,243
2499,856619,266.43,259
2500,856854,279.69,235
2501,857119,272.13,265
2502,857355,254.04,236
2503,857614,290.0,259
2504,857855,294.36,241
2505,858146,307.71,291
2506,858364,277.01,218
2507,858628,271.95,264
2508,858893,272.86,265
2509,859145,258.34,252
2510,859419,266.48,274
2511,859678,270.88,259
2512,859946,231.91,268
2513,860196,264.33,250
2514,860442,264.7,246
2515,860670,270.08,228
2516,860913,269.39,243
2517,861135,272.43,222
2518,861385,247.57,250
2519,861641,302.31,256
2520,861889,277.09,248
2521,862130,258.65,241
2522,862349,288.72,219
2523,862588,277.98,239
2524,862886,271.68,298
2525,863171,296.2,285
2526,863461,273.41,290
2527,863685,269.01,224
2528,863936,277.6,251
2529,864242,288.48,306
2530,864499,239.02,257
2531,864733,310.47,234
2532,864980,283.49,247
2533,865258,306.0,278
2534,865504,237.64,246
2535,865747,252.14,243
2536,866009,291.82,262
2537,866260,261.99,251
2538,866527,261.01,267
2539,866791,240.76,264
2540,867043,272.46,252
2541,867325,244.62,282
2542,867574,268.94,249
2543,867818,282.13,244
2544,868064,261.43,246
2545,868311,279.75,247
2546,868578,282.14,267
2547,869578,156.46,1000
2548,869836,284.79,258
2549,870836,155.06,1000
2550,871101,287.55,265
2551,871329,300.54,228
2552,871602,275.96,273
2553,871834,266.48,232
2554,872087,272.52,253
2555,872331,301.57,244
2556,872631,282.48,300
2557,872871,276.73,240
2558,873120,269.38,249
2559,873350,289.11,230
2560,873604,283.18,254
2561,873833,254.38,229
2562,874107,298.01,274
2563,874351,263.07,244
2564,874612,244.86,261
2565,875612,158.94,1000
2566,875863,295.25,251
2567,876863,57.42,1000
2568,877101,272.27,238
2569,877381,253.64,280
2570,877617,290.76,236
2571,877857,288.28,240
2572,878119,292.31,262
2573,878360,232.11,241
2574,878638,269.09,278
2575,878901,292.71,263
2576,879147,302.06,246
2577,879402,288.49,255
2578,879643,290.1,241
2579,879878,260.34,235
2580,880131,277.02,253
2581,880394,291.66,263
2582,880600,78.48,206
2583,880854,288.32,254
2584,881092,248.92,238
2585,881335,255.68,243
2586,881565,64.21,230
2587,881791,250.91,226
2588,882064,271.01,273
2589,882288,263.38,224
2590,882519,277.86,231
2591,882764,273.37,245
2592,883025,275.43,261
2593,883287,260.08,262
2594,883564,265.48,277
2595,883856,293.98,292
2596,884074,295.92,218
2597,884315,298.49,241
2598,884574,276.84,259
2599,884813,300.87,239
2600,885082,292.36,269
2601,886082,134.47,1000
2602,886314,268.9,232
2603,886553,291.21,239
2604,886803,244.5,250
2605,887069,277.95,266
2606,887312,298.15,243
2607,888312,157.09,1000
2608,888543,311.33,231
2609,888777,240.02,234
2610,889015,278.08,238
2611,889259,261.46,244
2612,889523,253.46,264
2613,889786,257.91,263
2614,890042,235.81,256
2615,890304,266.9,262
2616,890603,271.52,299
2617,890882,304.05,279
2618,891152,263.32,270
2619,891385,249.7,233
2620,891643,287.58,258
2621,891884,284.52,241
2622,892123,239.24,239
2623,892341,281.14,218
2624,892587,279.23,246
2625,892853,270.29,266
2626,893111,265.35,258
2627,893377,279.08,266
2628,893624,286.32,247
2629,893859,289.17,235
2630,894098,242.61,239
2631,894331,250.46,233
2632,894590,297.1,259
2633,894906,290.23,316
2634,895145,283.15,239
2635,895383,238.65,238
2636,895643,272.26,260
2637,895888,286.6,245
2638,896156,279.51,268
2639,896404,249.69,248
2640,896716,296.79,312
2641,897716,124.02,1000
2642,897995,271.99,279
2643,898245,281.89,250
2644,898525,298.32,280
2645,898810,284.98,285
2646,899101,279.36,291
2647,899331,260.37,230
2648,899585,261.53,254
2649,899869,282.51,284
2650,900108,282.0,239
2651,900387,228.42,279
2652,900642,261.07,255
2653,900887,256.9,245
2654,901161,275.38,274
2655,901419,262.9,258
2656,901685,295.48,266
2657,901935,254.15,250
2658,902183,288.68,248
2659,902465,271.32,282
2660,902728,229.66,263
2661,903027,274.25,299
2662,903264,235.29,237
2663,903523,289.4,259
2664,903799,266.62,276
2665,904080,304.96,281
2666,904349,285.61,269
2667,904605,273.78,256
2668,904862,255.53,257
2669,905135,264.68,273
2670,905396,305.71,261
2671,905677,293.97,281
2672,905936,285.0,259
2673,906151,23.71,215
2674,906428,276.22,277
2675,906669,238.43,241
2676,906906,291.88,237
2677,907145,261.54,239
2678,907389,248.33,244
2679,907679,293.96,290
2680,908008,301.35,329
2681,908240,246.77,232
2682,908534,310.44,294
2683,908824,281.86,290
2684,909068,274.92,244
2685,909335,289.75,267
2686,909591,300.94,256
2687,909802,274.92,211
2688,910042,250.19,240
2689,910283,266.33,241
2690,910510,263.25,227
2691,910780,266.76,270
2692,911037,294.8,257
2693,911287,299.14,250
2694,911551,252.23,264
2695,911836,254.51,285
2696,912100,284.37,264
2697,912347,273.24,247
2698,912621,292.23,274
2699,912866,243.61,245
2700,913125,259.08,259
2701,913386,276.45,261
2702,913646,260.99,260
2703,913870,274.22,224
2704,914147,298.99,277
2705,914417,290.3,270
2706,914647,264.87,230
2707,914905,259.95,258
2708,915166,306.0,261
2709,915406,291.0,240
2710,915645,271.17,239
2711,915892,277.46,247
2712,916133,281.53,241
2713,916373,257.32,240
2714,916638,286.22,265
2715,916896,262.11,258
2716,917151,276.38,255
2717,917413,297.54,262
2718,917682,293.45,269
2719,917976,300.68,294
2720,918212,305.23,236
2721,919212,174.75,1000
2722,919458,249.14,246
2723,919672,277.35,214
2724,919910,309.74,238
2725,920148,260.23,238
2726,920419,298.85,271
2727,920675,260.71,256
2728,920947,267.27,272
2729,921186,295.03,239
2730,921447,268.47,261
2731,921686,254.6,239
2732,921903,250.03,217
2733,922158,291.94,255
2734,922426,286.75,268
2735,922677,271.84,251
2736,922944,274.96,267
2737,923215,261.1,271
2738,923468,255.67,253
2739,923726,260.42,258
2740,923991,268.98,265
2741,924238,268.22,247
2742,924483,299.32,245
2743,924729,264.65,246
2744,924959,274.14,230
2745,925189,268.45,230
2746,925413,255.74,224
2747,925710,268.91,297
2748,925956,277.59,246
2749,926199,272.72,243
2750,926425,290.45,226
2751,926671,260.77,246
2752,926911,290.26,240
2753,927142,255.87,231
2754,927388,275.37,246
2755,927642,251.65,254
2756,927887,248.42,245
2757,928134,251.09,247
2758,929134,153.87,1000
2759,929389,278.2,255
2760,929645,283.41,256
2761,929915,278.06,270
2762,930286,278.45,371
2763,930533,303.76,247
2764,930806,310.08,273
2765,931806,188.05,1000
2766,932088,294.91,282
2767,932330,264.57,242
2768,932575,258.06,245
2769,932827,259.19,252
2770,933104,302.27,277
2771,933334,259.5,230
2772,933599,292.11,265
2773,933896,251.28,297
2774,934161,287.5,265
2775,934399,283.83,238
2776,934665,299.67,266
2777,934927,307.53,262
2778,935190,255.29,263
2779,935453,270.66,263
2780,935692,309.2,239
2781,935931,271.05,239
2782,936168,287.48,237
2783,936419,294.18,251
2784,936646,258.19,227
2785,936911,316.43,265
2786,937153,265.96,242
2787,937402,291.44,249
2788,937642,290.07,240
2789,937901,283.3,259
2790,938175,269.15,274
2791,938442,292.61,267
2792,938735,281.68,293
2793,939735,166.18,1000
2794,939981,278.25,246
2795,940164,90.69,183
2796,940453,279.1,289
2797,940713,251.36,260
2798,940998,307.48,285
2799,941217,275.33,219
2800,941494,308.13,277
2801,941748,290.77,254
2802,942047,259.03,299
2803,942286,302.29,239
2804,942522,262.64,236
2805,942776,274.72,254
2806,943050,305.79,274
2807,943322,287.47,272
2808,943564,260.97,242
2809,943834,257.33,270
2810,944096,256.33,262
2811,944396,309.37,300
2812,944655,306.09,259
2813,944900,237.78,245
2814,945138,240.74,238
2815,945393,247.68,255
2816,945572,82.55,179
2817,945811,256.28,239
2818,946080,260.0,269
2819,946325,296.3,245
2820,946598,257.44,273
2821,946848,250.09,250
2822,947098,278.97,250
2823,947360,261.87,262
2824,947598,282.98,238
2825,947865,253.09,267
2826,948094,269.02,229
2827,948348,299.97,254
2828,948577,279.48,229
2829,948829,238.16,252
2830,949044,236.6,215
2831,949285,296.87,241
2832,949527,299.04,242
2833,949760,259.2,233
2834,950019,284.32,259
2835,950290,306.66,271
2836,950519,278.77,229
2837,950789,288.88,270
2838,951043,247.86,254
2839,951296,247.89,253
2840,951523,289.02,227
2841,951808,289.99,285
2842,952051,247.44,243
2843,952291,242.75,240
2844,952539,229.63,248
2845,952779,246.23,240
2846,953051,274.1,272
2847,953316,255.73,265
2848,953566,295.16,250
2849,953843,295.96,277
2850,954107,293.34,264
2851,954369,274.64,262
2852,954620,293.58,251
2853,954829,58.48,209
2854,955093,245.33,264
2855,955341,273.53,248
2856,955597,267.42,256
2857,955878,276.85,281
2858,956116,247.9,238
2859,956336,264.52,220
2860,956612,284.84,276
2861,956896,313.76,284
2862,957140,282.3,244
2863,957389,316.46,249
2864,957672,289.84,283
2865,957926,292.1,254
2866,958201,276.17,275
2867,958398,53.92,197
2868,958648,280.26,250
2869,958889,269.89,241
2870,959143,271.98,254
2871,959388,244.53,245
2872,959627,241.6,239
2873,959907,307.81,280
2874,960134,257.6,227
2875,960364,280.61,230
2876,960618,295.97,254
2877,960905,296.79,287
2878,961164,254.15,259
2879,961406,302.1,242
2880,961678,266.96,272
2881,961938,294.26,260
2882,962187,290.02,249
2883,962433,305.33,246
2884,962682,282.56,249
2885,962941,279.57,259
2886,963194,273.63,253
2887,963455,314.04,261
2888,963712,279.39,257
2889,963952,292.77,240
2890,964216,284.33,264
2891,964457,248.11,241
2892,964686,234.06,229
2893,964950,290.86,264
2894,965180,259.19,230
2895,965422,288.96,242
2896,965701,272.43,279
2897,965993,274.23,292
2898,966303,298.04,310
2899,966541,290.64,238
2900,966785,274.53,244
2901,967027,242.21,242
2902,967307,284.79,280
2903,967475,32.81,168
2904,967714,280.16,239
2905,967968,251.29,254
2906,968206,277.04,238
2907,968451,273.56,245
2908,968717,288.89,266
2909,968940,254.34,223
2910,969220,264.27,280
2911,969478,303.78,258
2912,969763,286.27,285
2913,970015,283.68,252
2914,970261,279.75,246
2915,970492,296.54,231
2916,970744,256.86,252
2917,971029,297.67,285
2918,971267,247.87,238
2919,971494,280.23,227
2920,971717,257.46,223
2921,971975,309.48,258
2922,972266,275.65,291
2923,972474,53.4,208
2924,972724,286.19,250
2925,972905,50.86,181
2926,973153,261.11,248
2927,973394,233.24,241
2928,973696,310.22,302
2929,973922,284.01,226
2930,974186,293.88,264
2931,974420,266.18,234
2932,974712,279.28,292
2933,974966,278.98,254
2934,975223,253.57,257
2935,975474,296.12,251
2936,975712,295.2,238
2937,975950,277.96,238
2938,976133,72.58,183
2939,976386,275.95,253
2940,976610,285.13,224
2941,976866,267.92,256
2942,977131,300.17,265
2943,977376,273.7,245
2944,977667,292.0,291
2945,977908,235.97,241
2946,978184,268.19,276
2947,978419,263.7,235
2948,978663,265.48,244
2949,978904,261.29,241
2950,979195,296.97,291
2951,979455,284.07,260
2952,979702,304.97,247
2953,979956,257.55,254
2954,980208,274.52,252
2955,980424,288.32,216
2956,980668,277.5,244
2957,980901,303.8,233
2958,981162,262.22,261
2959,981381,278.93,219
2960,981631,298.57,250
2961,981867,269.55,236
2962,982094,282.52,227
2963,982375,263.0,281
2964,982607,278.32,232
2965,982849,270.28,242
2966,983154,302.68,305
2967,983403,275.28,249
2968,983646,238.86,243
2969,983901,247.25,255
2970,984128,286.08,227
2971,984372,296.01,244
2972,984640,269.8,268
2973,984890,238.17,250
2974,985125,274.69,235
2975,985400,305.8,275
2976,985648,268.35,248
2977,986010,258.01,362
2978,986241,231.79,231
2979,986463,268.21,222
2980,986720,265.91,257
2981,986935,283.18,215
2982,987208,280.22,273
2983,987458,255.73,250
2984,987724,295.98,266
2985,987979,256.93,255
2986,988154,77.0,175
2987,988412,302.77,258
2988,988624,48.64,212
2989,989624,165.65,1000
2990,989873,293.89,249
2991,990134,288.25,261
2992,990397,277.67,263
2993,990656,312.79,259
2994,990862,24.33,206
2995,991089,272.23,227
2996,991296,79.57,207
2997,991575,301.89,279
2998,991949,248.68,374
2999,992177,296.23,228
3000,992381,263.62,204
3001,992556,66.68,175
3002,992785,263.51,229
3003,992973,81.29,188
3004,993223,263.93,250
3005,993466,280.33,243
3006,993733,270.8,267
3007,993974,274.99,241
3008,994214,243.32,240
3009,994482,289.88,268
3010,994723,288.29,241
3011,994965,261.3,242
3012,995194,289.42,229
3013,995407,280.23,213
3014,995644,254.77,237
3015,995912,264.56,268
3016,996170,278.92,258
3017,996459,281.72,289
3018,996692,294.97,233
3019,996927,274.43,235
3020,997153,273.72,226
3021,997391,274.71,238
3022,997623,286.81,232
3023,997849,283.24,226
3024,998054,288.98,205
3025,998283,236.23,229
3026,998471,59.84,188
3027,998677,284.51,206
3028,998898,266.17,221
3029,999142,272.41,244
3030,999339,35.93,197
3031,999609,290.06,270
3032,999847,286.02,238
