iteration,step,policy_loss,value_loss,entropy,approx_kl,old_approx_kl,clip_fraction
1,2048,-0.005513485730625689,762.3508850097656,1.3835194911807775,0.0028185998788103463,0.001964147621765733,0.00791015625
2,4096,-0.006413862947374583,680.5819094657897,1.3729856409132482,0.0028965646401047707,0.004875959726632573,0.009765625
3,6144,-0.004490838939091191,688.8130661010742,1.355626078695059,0.002524875267408788,0.003385290128062479,0.014892578125
4,8192,-0.007693900415324606,741.8543753623962,1.345789348706603,0.005223979745642282,0.006824799123569392,0.04521484375
5,10240,-0.006211725153843872,460.25864896774294,1.3297501150518656,0.004860939190257341,0.008017014863435179,0.028466796875
6,12288,-0.0076909429335501045,344.06930623054507,1.3259858448058366,0.0072201387694804,0.01221249342779629,0.076025390625
7,14336,-0.009787695988779887,222.045444893837,1.273796994611621,0.007052197080338374,0.005231764112249948,0.08134765625
8,16384,-0.005995982736931182,381.0555334568024,1.2572318341583013,0.004410680019645952,0.003128091583494097,0.042333984375
9,18432,-0.00778040879231412,266.97463431358335,1.2564342521131038,0.005953194040921516,0.008257879107259215,0.067138671875
10,20480,-0.0019602507862146014,240.07209033966063,1.2305208399891854,0.00462528879288584,0.005412635381799191,0.045556640625
11,22528,-0.0066955836984561755,145.5909198284149,1.1755547806620599,0.007972254397463985,0.009170529601396993,0.09541015625
12,24576,-0.010603369658929296,111.2511493563652,1.249629645422101,0.008560548431705683,0.011355209114844911,0.1265625
13,26624,-0.009693783686088864,104.81862853765487,1.1334422267973423,0.008806476736208425,0.007578481707605533,0.064599609375
14,28672,-0.005816076984046958,158.5450562953949,1.1689313866198063,0.0032741710456321016,0.0031226112914737314,0.01728515625
15,30720,-0.0020990218181395903,135.1840497493744,1.186292739585042,0.0015464700903976337,0.0022909552906639876,0.00166015625
16,32768,-0.007243489447864704,105.8000771522522,1.1871819745749235,0.0027866405172972007,0.004966558603337034,0.026904296875
17,34816,-0.008469248902110848,46.63639256954193,1.243311920389533,0.007228535789181478,0.01065582526207436,0.083642578125
18,36864,-0.0036494336469331755,106.68292781114579,1.1924061268568038,0.0021462253789650276,0.004697344329906627,0.02265625
19,38912,-0.008210818021325395,53.35770715475083,1.1640072379261255,0.0038037898135371505,0.006621648086002097,0.038232421875
20,40960,-0.010918230839888566,16.696241487562656,1.2605571199208498,0.008788845385424793,0.008919102730578743,0.12509765625
21,43008,-0.0053251679957611485,31.38575854897499,1.1877725582569838,0.0038511770602781326,0.007218511941027827,0.037939453125
22,45056,-0.004989852334256284,52.69990187883377,1.1708272270858289,0.004207487482926808,0.004063246207078919,0.039697265625
23,47104,-0.005024324497207999,47.687216609716415,1.1837920662015677,0.004038117555319331,0.0037485728331375866,0.066162109375
24,49152,-0.005206973926397041,58.3945365935564,1.172952712699771,0.003201994893606752,0.004589880627463572,0.040087890625
25,51200,-0.006823464456829242,97.0345955491066,1.0770281817764045,0.00564510045805946,0.0045279417710844426,0.056005859375
26,53248,-0.0045837845536880195,37.102712598443034,1.112671036273241,0.003223202901426703,0.004405127116478979,0.023583984375
27,55296,-0.008747437995043583,33.12993946075439,1.078651924431324,0.006005374505184591,0.00835389288549777,0.08916015625
28,57344,-0.007910595461726188,29.098574741184713,1.1508093323558568,0.005944486794760451,0.011078275903128088,0.075390625
29,59392,-0.005298592761391774,108.01163603663444,1.0247185297310353,0.0054663683142280204,0.004888811169075779,0.036572265625
30,61440,-0.00750317807396641,34.58848390877247,1.0245699806138873,0.006727014482021332,0.009367651859065518,0.088720703125
31,63488,-0.003372070865589194,17.792485058307648,1.049639173038304,0.004880102910101413,0.00560941816365812,0.04521484375
32,65536,-0.004702286684187129,30.60369802117348,1.082295509427786,0.003342767443973571,0.0023731399298412724,0.02802734375
33,67584,-0.008041013096226379,13.982765950262547,1.0696445371955634,0.007030737385503016,0.007535029208520427,0.088330078125
34,69632,-0.009946504562685731,14.231995732337236,1.1181691870093347,0.007770873472327367,0.007791247914428823,0.08515625
35,71680,-0.004728756056283601,34.73779336810112,1.1155057072639465,0.005195955894305371,0.0023363980872090906,0.04560546875
36,73728,-0.0026832592993741855,61.99392996281385,1.0629294987767934,0.002071114938007668,0.003320723626529798,0.01259765625
37,75776,-0.006214672556961886,41.64315549433231,1.081672814115882,0.004376643599243835,0.006444848378305323,0.034423828125
38,77824,-0.008830996576580218,12.017911104857921,1.1269154366105796,0.014303348181420006,0.010389348774333484,0.133349609375
39,79872,-0.008746500275447034,9.945562459900975,1.1169896595180036,0.008583338060998359,0.006491111591458321,0.09091796875
40,81920,-0.002031002441071905,6.622792461514473,1.121686701104045,0.004408586880890653,0.003764687335933559,0.044140625
41,83968,-0.006175496420473792,16.64770478159189,1.0632513778284192,0.006917640357278288,0.008598040306242182,0.067431640625
42,86016,-0.0025253682339098304,23.62866094112396,1.051937142200768,0.0033417957689380272,0.004680611597723328,0.02451171875
43,88064,-0.0014349517499795184,73.82612159475684,0.9749837717041373,0.005792697501601651,0.006913991874898784,0.054052734375
44,90112,-0.001994397159432992,3.5759833386167883,1.0688380558043717,0.006418989552184939,0.004519089517998509,0.071142578125
45,92160,-0.004351649527961854,21.729315037466584,0.9091952772811055,0.0036940245423465966,0.005559708405053243,0.040625
46,94208,-0.004610128422791604,3.670729040727019,0.7771687904372812,0.004142429382773117,0.0045996719942195344,0.066357421875
47,96256,-0.0069861898198723795,18.997426120936872,0.9481550494208932,0.006309561955276877,0.004049207418574952,0.05302734375
48,98304,-0.006344253646966535,52.60491689294577,0.928821443207562,0.004498863956541754,0.005021600562031381,0.04931640625
49,100352,-0.006278711481718347,2.445907299593091,0.9580750476568938,0.008237993164220825,0.0071970935940044,0.098193359375
50,102400,-0.00400082549022045,2.3238044088706373,0.8937150204554201,0.005299659798038192,0.008618467426276765,0.048583984375
51,104448,-0.0025863700546324255,44.908208636194466,0.9710179539397359,0.005854303698288277,0.008812471406417898,0.0568359375
52,106496,-0.007945226895390078,63.70535574778914,1.0021023470908403,0.007207842127536423,0.005859750459785573,0.081494140625
53,108544,-0.002244742534821853,8.165635414980352,0.9489518949761987,0.00427085597475525,0.005217576722498052,0.04072265625
54,110592,-0.0029403427382931114,64.29319535046815,0.9505384996533394,0.0027102828375063837,0.0011535817437106743,0.012890625
55,112640,-0.005516636506945361,10.11001840494573,0.7395285727456212,0.005856979961390607,0.011321500982739962,0.0689453125
56,114688,-0.0027317098807543515,50.40747503638268,0.7497578898444772,0.003800935484468937,0.003407812147634104,0.03671875
57,116736,-0.007190065007307567,15.089568162336946,1.0186792248860002,0.0053814948973013085,0.007671510620275513,0.05771484375
58,118784,-0.00921003297844436,25.456292732805014,1.0015699643641711,0.008786590877571143,0.006511991162551567,0.084521484375
59,120832,-0.0012948620453244076,50.65247847624123,0.7490553637966514,0.003951064543798566,0.006679949079989455,0.042333984375
60,122880,-0.00378748613584321,4.506795350834727,0.9612487126141787,0.005342452955665067,0.005183029035106301,0.058935546875
61,124928,-0.009129470915650018,2.8699750384315847,1.0153509609401226,0.010234445112291723,0.013167305933893658,0.13466796875
62,126976,-0.002618637983687222,9.12248820308596,0.8433691026642919,0.00530488598451484,0.007977529382333159,0.06142578125
63,129024,-0.0020581048680469393,85.13482313156128,0.8466037089005113,0.005285852192901075,0.007287027858546935,0.08427734375
64,131072,-0.005349408424808644,4.117735685408116,0.9635085890069603,0.007140688205254264,0.00891008040343877,0.1078125
65,133120,-0.003925850716768764,2.559998960420489,0.8291488798335195,0.003912543572369032,0.003224226867314428,0.040380859375
66,135168,-0.0006528070880449377,9.187635952420532,0.7870107796043158,0.002584883093368262,0.0024862049176590517,0.021484375
67,137216,-0.004076890235592145,2.252686875499785,0.9725323239341378,0.004638469123165123,0.0055500445305369794,0.037060546875
68,139264,-0.0029506210470572115,1.5710014536045491,0.9072022076696158,0.005679376612533815,0.007486148702446372,0.049755859375
69,141312,-0.0038588267445447853,10.496933616138994,0.8510842081159353,0.005111049956758507,0.006865876569645479,0.045166015625
70,143360,-0.0029238029499538245,6.771045166626573,0.9046390973031521,0.004595487797632814,0.00511551460949704,0.069482421875
71,145408,-0.003871279154554941,1.4311641387175769,0.7778124639764428,0.004242349066771567,0.004303740945761092,0.0513671875
72,147456,-0.005459341176901944,1.302805996220559,0.8232498332858086,0.009222266229335219,0.005245446957997046,0.1478515625
73,149504,-0.005042388250876684,86.32374153137206,0.8394799286499619,0.005543647063313983,0.0057181745971320195,0.068115234375
74,151552,-0.0018567272723885252,2.2123108556494118,0.8082473566755652,0.003653272145311348,0.006039473981945776,0.031689453125
75,153600,-0.0024659408969455398,1.4671137299388648,0.7791410233825445,0.006480826961342246,0.002718013373669237,0.085009765625
76,155648,-0.005602858142810874,0.9376761206425727,0.7499405808746815,0.0039907847269205375,0.002572170746861957,0.0498046875
77,157696,-0.0026937650865875183,31.956637722998856,0.8631274491548538,0.0066505610331660135,0.0019653540337458255,0.04384765625
78,159744,-0.002292014738486614,4.0967999798245724,0.7841915901750326,0.0019390168599784374,0.0013540297513827682,0.0134765625
79,161792,-0.005964322361978702,92.10966484248638,0.8473508343100548,0.0067090504860971125,0.004849094708333723,0.064794921875
80,163840,-0.005335938584175892,83.81802456378936,0.7090138733386994,0.005191868855035864,0.002906873991014436,0.026953125
81,165888,-0.0016005447279894725,136.14776851683854,0.8395708292722702,0.0016336055501597001,0.00016579994990024717,0.011083984375
82,167936,-0.002368700850638561,59.693269424885514,0.9058916438370943,0.0029361899360083044,0.0003191254974808544,0.025537109375
83,169984,-0.002739041479071602,121.86123996078967,0.8233770869672299,0.00244804508110974,0.0018696541374083608,0.01904296875
84,172032,-0.0015683191450079903,69.91013424694538,0.823041045293212,0.004210434775450267,0.0015382383338874207,0.056103515625
85,174080,-0.001711430645082146,106.14542551338673,0.8605949500575661,0.00369259120489005,0.0028622978657949715,0.052783203125
86,176128,-0.0017794879036955535,100.17179980874062,0.9150854479521513,0.005838916089851409,0.007566526089794934,0.081787109375
87,178176,-0.0024847437322023324,67.34685295671224,0.7859496338292956,0.009359105679322965,0.011212882076506503,0.10654296875
88,180224,-0.0034210880025057123,32.5124994777143,0.7903356555849314,0.00475346055754926,0.0063908757729223,0.061474609375
89,182272,-0.0022394579398678617,176.47692008018493,0.8728978788480163,0.0017760528688086196,0.0019417146424530074,0.008056640625
90,184320,-0.004615886669489555,23.55980473086238,0.7461023351177574,0.003927856718655675,0.0065966546681011096,0.044580078125
91,186368,-0.0035469386202748865,69.28097836822272,0.8534757187590003,0.006319125732989051,0.005346109095262364,0.080517578125
92,188416,-0.001971175482321996,126.03639847636222,0.790315886773169,0.003045214552548714,0.0037854500726098193,0.018505859375
93,190464,-0.0037585893995128574,86.88417457044125,0.78235485535115,0.004703472350956872,0.008120725679327733,0.064111328125
94,192512,-0.001380987631273456,80.23349418640137,0.7762578446418047,0.0014332831720821559,0.002105730271432549,0.0091796875
95,194560,-0.006530244249734096,108.00018655061722,0.7872889271005988,0.0047057088057044895,0.008714046332170256,0.044873046875
96,196608,-0.0035791640417301095,60.74603008180857,0.7158768605440855,0.0049332798400428144,0.0014526322775054723,0.063720703125
97,198656,-0.00042054634686792267,54.25352201759815,0.7861232349649072,0.002938679719227366,0.004113438667263836,0.03037109375
98,200704,-0.0039161800406873224,50.343929174542424,0.8106687411665916,0.004655201148125343,0.003094253907329403,0.045703125
99,202752,-0.002729918446857482,46.54951487183571,0.8519207296893001,0.005330337260966189,0.006524901313241571,0.07119140625
100,204800,-0.0010859397225431167,28.022117962688206,0.7856260105967522,0.006481071570306085,0.007968441685079597,0.090966796875
101,206848,-0.0016868495382368564,18.691633032262324,0.8152890205383301,0.005447072791866958,0.004484918923117221,0.05732421875
102,208896,-0.0021396354757598603,39.71171120405197,0.7334945598617196,0.003156969681731425,0.0033516905969008803,0.036962890625
103,210944,-0.005825961446680595,205.78495022654533,0.8734924899414181,0.00443300683691632,0.007487253079307266,0.041943359375
104,212992,-0.004670238500693813,124.19330219328404,0.6560485368594527,0.004767778824316338,0.006440647010458633,0.05947265625
105,215040,-0.005469546068343334,136.61797715723515,0.7700478672981262,0.006571010520565324,0.001988856020034291,0.090869140625
106,217088,-0.007567382970592007,112.69223094582557,0.8399283098056912,0.005381648885668255,0.01051889180089347,0.057958984375
107,219136,-0.0012081399603630417,163.3925158917904,0.7916748195886611,0.002118762378813699,0.0022141366789583117,0.020166015625
108,221184,-0.0030102588279987685,92.3566529661417,0.7739435132592917,0.0037373969476902857,0.003187162638641894,0.0427734375
109,223232,-0.0037845737897441722,148.27532242536546,0.8395598787814379,0.002854009362636134,0.0018541138677392154,0.023583984375
110,225280,-0.0021246875141514463,81.17946338057519,0.7294372061267496,0.0027533349668374283,0.0031409725110279397,0.028759765625
111,227328,-0.005256743254722096,93.06638077199459,0.7624036503955722,0.006721499207196757,0.004438929728348739,0.08251953125
112,229376,-0.005125772762403358,164.84841383099555,0.8038105146959424,0.005092839634744451,0.006147480392246507,0.05712890625
113,231424,-0.005194576818030328,95.95461615622044,0.8792218824848532,0.005409519467502832,0.008569151724805124,0.065966796875
114,233472,-0.00491429437242914,49.373772856593135,0.7589284652844072,0.004968651759554632,0.005198539563571103,0.06591796875
115,235520,-0.002534094837028533,62.97375153303146,0.7880472494289279,0.0023183596262242646,0.0039539683784823865,0.026416015625
116,237568,-0.004320714461209718,85.81450541317463,0.8777650265023113,0.0062007605913095174,0.010107691155280919,0.08388671875
117,239616,-0.004638700181385502,133.90293451547623,0.8273442694917321,0.0022837480559246615,0.0028340774035314096,0.017236328125
118,241664,-0.0016176741235540248,134.80504689514638,0.7677925620228052,0.0028526086622150614,0.0036335178563604133,0.027490234375
119,243712,-0.003398959679179825,29.12538387924433,0.6922067211940884,0.0041354012209922075,0.005902382204658352,0.05380859375
120,245760,-0.005625587946269661,125.21423744261264,0.8304508605971932,0.005059683954459615,0.007427494224975817,0.06669921875
121,247808,-0.004944705733214505,23.172913812100887,0.7446292128413916,0.005796409578761086,0.008423665183363483,0.074658203125
122,249856,-0.00424338940938469,70.7946235537529,0.7964515827596188,0.002968484984012321,0.0038216490211198106,0.03037109375
123,251904,-0.0035503042163327336,120.95974870920182,0.8549986490979791,0.00356759047426749,0.002724741495330818,0.040234375
124,253952,-0.007331411885388661,173.48191500902175,0.7579016758129,0.0062727345415623855,0.003363928507314995,0.085205078125
125,256000,-0.002188320459390525,100.96494720280171,0.694234837219119,0.00497293149237521,0.004782854448421858,0.064013671875
126,258048,-0.005424836055317428,90.8794743925333,0.8778138197958469,0.005197374545969069,0.004388106073020026,0.0740234375
127,260096,-0.0038344094878993928,69.88120813518762,0.7886339971795678,0.0053332986892201005,0.008565435270429588,0.0669921875
128,262144,-0.002184147629304789,8.373473119735717,0.7660353291779757,0.007106742737232707,0.006085982304648496,0.08583984375
129,264192,-0.002801787377393339,8.96917766407132,0.8433397620916366,0.005226852316991426,0.009031151019735261,0.065380859375
130,266240,-0.0016192719180253335,63.04077072441578,0.73684883993119,0.0038204712996957823,0.0015994320710888132,0.03837890625
131,268288,-0.002072567300638184,82.97633957862854,0.790100177936256,0.002247647938202135,0.0014110184478340671,0.0193359375
132,270336,-0.0037958053435431793,16.719110818952323,0.7688696352764964,0.004396184714278206,9.532980620861054e-05,0.055224609375
133,272384,-0.004903571936301887,8.538595300167799,0.7132493035867811,0.003661408383050002,0.0058343009819509465,0.047265625
134,274432,-0.0014088680021814072,61.27180257439613,0.6707053301855922,0.0023867567273555324,0.0012950009084306657,0.019873046875
135,276480,-0.0025602452689781783,100.0117244720459,0.840239261649549,0.004222316402592696,0.006514921959023923,0.057763671875
136,278528,-0.0018977639701915905,102.41320356875659,0.7634750735014677,0.0029570571437943726,0.005304396012797951,0.034228515625
137,280576,-0.001535677706124261,7.165516407042742,0.7604054484516383,0.004562042461475358,0.003316852860734798,0.057470703125
138,282624,-0.002585823312983848,7.00470162704587,0.7745456954464316,0.003448378076427616,0.0034139484894694762,0.042822265625
139,284672,-0.004154314873449039,90.90723370909691,0.7446921134367586,0.004014904968789779,0.004781527200248092,0.0482421875
140,286720,-0.0024347976257558914,101.60319263339042,0.7152794662863016,0.00289363338961266,0.00556053455802612,0.033447265625
141,288768,-0.0017571356147527695,89.73259454965591,0.7936996076256037,0.001893354652565904,0.00048615942650940267,0.02021484375
142,290816,-0.0034589739807415754,9.846944352984428,0.6867954298853874,0.00415682528691832,0.0032517280196771026,0.04921875
143,292864,-0.0018338091758778319,26.119632789492606,0.691111104004085,0.002363637986127287,0.001107156413490884,0.019921875
144,294912,-0.004176027300127316,5.884078937768936,0.7582236006855965,0.005530106293736026,0.007040779347880744,0.074853515625
145,296960,-0.004219093720894307,101.289834523201,0.7252489667385816,0.0032389358646469192,0.006355502072256059,0.03525390625
146,299008,-0.01010691687988583,6.611202008277178,0.7942961506545544,0.007063859183108434,0.01484716834675055,0.077490234375
147,301056,-0.0008643771172501147,73.79357240051031,0.7177633805200457,0.003073588793631643,0.002781531840446405,0.03544921875
148,303104,-0.001468739114352502,6.004979122430086,0.7291600419208407,0.004645199151127599,0.004572328957146965,0.056787109375
149,305152,-0.005611491741728969,4.822589279338717,0.7873191209509969,0.005423440990853123,0.007064326084218919,0.070703125
150,307200,-0.0008206296537537128,6.1225044772028925,0.7565426615998149,0.0025171053712256253,0.002811882825335488,0.01640625
151,309248,-0.0035409933159826325,3.4712847601622343,0.7443911716341972,0.004017230580211617,0.005526304963859729,0.0505859375
152,311296,-0.003744921030011028,6.363702387362719,0.712814643792808,0.004396506634657271,0.006084916600957513,0.058154296875
153,313344,-0.003739464160753414,111.46573069244623,0.7194661762565374,0.002334411008632742,0.0013485877920174972,0.016259765625
154,315392,-0.003177082911133766,91.83580611795188,0.7424203775823116,0.0023026487731840463,0.0003755230893148109,0.02255859375
155,317440,-0.003097607160452753,4.486788723617792,0.747821993380785,0.0042869974713539705,0.0039430111413821575,0.04794921875
156,319488,-0.0054774439064203765,17.670748963952065,0.6374179622158408,0.004950873309280723,0.002961308741942048,0.0498046875
157,321536,-0.002863113922649063,59.27618163749575,0.7304955665022135,0.004505435362807475,0.005890779019682668,0.054052734375
158,323584,-0.0017211042519193142,6.747119186818599,0.7614840155467391,0.004601716730394401,0.0018645363743416965,0.0599609375
159,325632,-0.0013068754065898246,7.584431602805853,0.703137519583106,0.003539198459475301,0.0034871665149694307,0.039990234375
160,327680,-0.001263675569498446,108.44632866680622,0.6430538851767779,0.0014351668796734884,0.0014837988972431048,0.01181640625
161,329728,-0.0012707223562756554,4.582133097574115,0.7183620639145374,0.002484578828443773,0.0017658840835792944,0.02373046875
162,331776,-0.0013236900107585826,27.20966151356697,0.6743146721273661,0.002041005212231539,0.00201705431973096,0.0162109375
163,333824,-0.004632916221453343,3.889723378792405,0.7536257229745388,0.00539821753045544,0.007825347717152908,0.073046875
164,335872,-0.0008559743757359684,3.3562180042266845,0.6855736587196588,0.0031007402605609967,0.0034528721997048708,0.034375
165,337920,-0.0009033200607518665,41.18482554107904,0.6197891004383564,0.003393377218162641,0.003483277661143802,0.042529296875
166,339968,-0.002761048015963752,82.0782612413168,0.7271717434749008,0.002680893969954923,0.0036723353085108103,0.0240234375
167,342016,0.00018645484960870816,26.353091778606178,0.7439378762617708,0.00277845662785694,0.0020722253393614665,0.027197265625
168,344064,-0.009220948154688813,55.836080215871334,0.7514179753139615,0.008171823504380882,0.01158621787035372,0.10244140625
169,346112,-0.0017647129367105662,8.203898204490542,0.6896688124164939,0.0028592993156053128,0.0032369639608077704,0.0326171875
170,348160,-0.0026185737049672754,162.37788989841937,0.7000619400292635,0.0017876914265798406,0.0016333500971086323,0.01142578125
171,350208,-0.0033458103163866324,98.07598748356104,0.6718973599374294,0.005220944961183705,0.005200304201571271,0.05771484375
172,352256,-0.004288434956106357,5.832262965664268,0.6761694302782416,0.0064832694362848995,0.008612410761998035,0.088330078125
173,354304,-0.002130754179961514,5.870573227107525,0.7567452933639288,0.0054790171649074185,0.005330655709258281,0.077099609375
174,356352,-0.0021146465674974023,4.350661508366466,0.7224368672817946,0.0028926254337420685,0.003918506458285264,0.02802734375
175,358400,-0.0009355569345643744,109.87508814185858,0.675089238025248,0.0029088857001625,0.003270562452962622,0.031884765625
176,360448,-0.0022893061919603496,4.159522527083754,0.6976509254425765,0.0036695283983135597,0.0022521345788845794,0.049169921875
177,362496,-0.0030170126643497496,3.3574002046138047,0.7274859592318534,0.005737316131126135,0.0025509963394142686,0.08046875
178,364544,-0.0023566805524751545,2.4467972964048386,0.7494903676211834,0.004277324205031618,0.005860910844057798,0.050732421875
179,366592,-0.003976026117743459,4.482436723634601,0.6847609328106046,0.004645339460694231,0.0071850900014396755,0.054296875
180,368640,-0.001517907518427819,2.611386184580624,0.7628445614129304,0.0030965002486482264,0.0026210158481262623,0.02919921875
181,370688,-0.004275064362445846,3.195051433146,0.7165568545460701,0.004695669628563337,0.005267274213838391,0.06318359375
182,372736,-0.002072248750482686,66.37210271582008,0.7510716797783971,0.0025461212208028883,0.0020532123919110743,0.030224609375
183,374784,-0.001168867111846339,3.5494267132133244,0.7156558563932777,0.004524520071572624,0.0033143085282063113,0.05986328125
184,376832,-0.006768379433196969,60.2472301363945,0.7481744645163417,0.004652929239091464,0.007163596889586188,0.057763671875
185,378880,-0.00277774375572335,98.0665584795177,0.6868846986442805,0.00245126367371995,0.0016221846075495706,0.02626953125
186,380928,-0.0027270030550425872,8.567086216062307,0.7365077707916499,0.005018603935604915,0.00835020846570842,0.066552734375
187,382976,-0.001482393019250594,92.87172028739005,0.8106314772740006,0.0037737074046162887,0.0037331156665459274,0.041943359375
188,385024,-0.002612504416902084,101.2689381107688,0.7039043730124831,0.002382282726466656,0.0011029340588720516,0.016162109375
189,387072,-0.002446811064146459,78.22172439396381,0.7682103699073195,0.003545687723089941,0.004237448883941397,0.039453125
190,389120,-0.003068824269575998,14.564178504049778,0.7276274858042597,0.007929591106949374,0.00951638518308755,0.084033203125
191,391168,-0.0025208828199538404,104.01928580999375,0.7682113643735647,0.003397702440270223,0.001841975745628588,0.037841796875
192,393216,-0.003485242683382239,244.86823061704635,0.7309324914589524,0.0034871394076617435,0.003109455306548625,0.03076171875
193,395264,-0.0017609073256608099,192.6819217801094,0.7432999392971397,0.001675279875053093,0.0021471587650012227,0.008447265625
194,397312,-0.0011109095299616455,48.936337211728095,0.7797517385333776,0.003603386739268899,0.004911753832129761,0.04580078125
195,399360,-0.003369458236556966,13.244369681179524,0.7425636569038033,0.006590946440701373,0.006600088201230392,0.094970703125
196,401408,-0.001159322276362218,12.299519927054643,0.7137521125376225,0.0037363000708865004,0.0032159345515538006,0.041748046875
197,403456,-0.003110242885304615,13.641884706914425,0.737805613130331,0.007078848563833162,0.011389746094937436,0.09453125
198,405504,-0.000486261528567411,9.135015059262514,0.7254848808050156,0.004661649497575126,0.005247758381301537,0.054345703125
199,407552,-0.0032939083204837514,183.72505130171777,0.7055175036191941,0.003429083211813122,0.0031072318961378187,0.035400390625
200,409600,-0.007681399572174996,82.13531151860953,0.7457627959549427,0.006789011287037283,0.0072955030074808745,0.075048828125
201,411648,-0.005150465341284871,7.347024021297694,0.7396868404000998,0.00821878638525959,0.012074155919253825,0.09267578125
202,413696,-0.0042683083040174095,4.309969708323479,0.7323159934952855,0.009003125166054815,0.013254068404785357,0.120947265625
203,415744,-0.0033351713223964906,5.181722618639469,0.7569834740832448,0.0037396793195512146,0.00521293752535712,0.0396484375
204,417792,-0.004662411593017168,2.82737434245646,0.7631239058449865,0.005138115608133376,0.0067245322599774225,0.07216796875
205,419840,-0.0012218087969813496,17.992875842005013,0.6917500957846642,0.0022188243601704016,0.0027650008560158312,0.020361328125
206,421888,-0.003134579156176187,3.9362277649343014,0.7478958046063781,0.0044603296817513184,0.0065007965749828145,0.049462890625
207,423936,-0.0033174371987115593,5.624631492048502,0.7312889989465475,0.002853146003326401,0.0032502930611371995,0.025439453125
208,425984,-0.0011216047474590595,3.5922148134559393,0.7553801281377673,0.003186770115280524,0.0026941723859636112,0.0365234375
209,428032,-0.002557592946686782,3.2777860790491102,0.7164561377838254,0.003675275522982702,0.003404901848989539,0.0390625
210,430080,-0.0019349803536897526,2.6288032956421374,0.6841766558587551,0.004466062536812388,0.004551937713404186,0.06083984375
211,432128,-0.004594856908079236,2.857954094186425,0.7317982386797667,0.004867402845411562,0.004027201575809158,0.06474609375
212,434176,-0.0056671908445423465,1.6732089446857572,0.7224832689389586,0.005717718237428926,0.006510606480878778,0.085595703125
213,436224,-0.0030013706360477953,2.058865539729595,0.7361469347029924,0.005248692200984806,0.004740422824397683,0.076123046875
214,438272,-0.0031533935747575016,2.9938801236450674,0.6962099278345704,0.005074009229429066,0.0056477442965842785,0.069970703125
215,440320,-0.00026648712810128927,92.1669877178967,0.7446935635060072,0.0018097630818374455,0.0009780688415048644,0.01416015625
216,442368,-0.002433918972383253,149.1968501418829,0.7448071945458651,0.0017890373565023765,0.003258461845689453,0.011962890625
217,444416,-0.0018293970992090181,101.64110897481441,0.7926870850846172,0.002345262447488494,0.0005413138162111864,0.00498046875
218,446464,-0.0048054429644253105,57.08414673507214,0.6973330821841955,0.0026628050924045964,0.002881580000394024,0.0341796875
219,448512,-0.0045599173085065555,9.219088984653354,0.44863147027790545,0.01738407454395201,0.01571998014114797,0.147314453125
220,450560,-0.005066147539764643,4.62297673150897,0.7310438569635153,0.00832881529640872,0.008251057463348843,0.116064453125
221,452608,-0.0023117659337003717,89.65739088132977,0.6863755978643894,0.0038445685524493454,0.005182895885081962,0.046728515625
222,454656,-0.0018238767181173899,5.09790081307292,0.6564890259876848,0.004459177114767954,0.006317648885305971,0.053173828125
223,456704,-0.0013113722990965471,79.45929352641106,0.6156985293142497,0.0032499089633347467,0.004544455578434281,0.043896484375
224,458752,-0.003991722007049248,4.5144015699625015,0.7082320967689156,0.0062294365867273886,0.004962641274323687,0.083154296875
225,460800,-0.0011273748852545396,98.79888667091727,0.6126976777799428,0.0018442553759086878,0.002849778041127138,0.019287109375
226,462848,-0.0014835279143881053,20.742971950024366,0.6227049669250846,0.0025933796569006518,0.0020519206853350626,0.030712890625
227,464896,-0.0019320864928886294,92.87799124792218,0.6600494322367012,0.0027023795788409188,0.0010847701458260417,0.0310546875
228,466944,-0.0010871456513996236,4.8050927322357895,0.6574037909507752,0.002666921730269678,-0.000221557350596413,0.03037109375
229,468992,-0.0028874205134343358,4.258619774878025,0.6414626864716411,0.005734985903836786,0.004380257314187475,0.080908203125
230,471040,-0.008139275581925176,3.1102462708950043,0.7703580336645246,0.01107262915757019,0.013380222555133514,0.199853515625
231,473088,-0.001712374304770492,91.03269660025835,0.6957177318632602,0.003345522619201802,0.0027306821662932633,0.042529296875
232,475136,-0.005584389502473641,9.53697704076767,0.7343297611922026,0.004684813198400662,0.006215499437530525,0.050927734375
233,477184,-0.004687833400384989,8.58654031828046,0.6775334326550364,0.004332309102755972,0.004711408147704788,0.057763671875
234,479232,-0.0007741629786323756,96.6763709910214,0.6467853459529579,0.00259606325707864,0.0015321625513024628,0.031103515625
235,481280,-0.0008407473855186254,60.21935309544206,0.6386577885597944,0.002570507483324036,0.002206329329055734,0.02734375
236,483328,-2.106788015225902e-05,147.1677956700325,0.7681161900982261,0.0016618779016425833,0.0008427359716733918,0.013037109375
237,485376,-0.0030855021788738666,9.525969511270523,0.6236068586818874,0.0043797669815830885,0.0028919063246576116,0.0546875
238,487424,-0.005885028305056039,7.930078073963523,0.6037052698433399,0.018111770952236837,0.020892719656694682,0.208447265625
239,489472,-0.006805065958178602,3.9728109929710627,0.664063323289156,0.01013612225651741,0.011774577028700151,0.128515625
240,491520,-0.0012259926028491464,158.9358907878399,0.655772152915597,0.0018785734049743042,0.003021406818879768,0.014208984375
241,493568,-0.003966049151495099,109.65132970660925,0.6218596732243895,0.002088820716016926,0.00338458368787542,0.02021484375
242,495616,-0.004315292593673803,76.600328373909,0.6446470398455858,0.004918408501544036,0.005297837578109465,0.07119140625
243,497664,-0.0016124478133860976,140.17113600075245,0.5879282901063562,0.003885537013411522,0.0018724772875430063,0.032421875
244,499712,-0.003900296555366367,69.49470345675945,0.6097581718116999,0.005210291559342295,0.004938232889981009,0.066845703125
245,501760,-0.0014923370225005783,63.291186870634554,0.6270761931315064,0.003982579175499268,0.0026808592840097843,0.04951171875
246,503808,-0.0018466775421984495,16.34200280830264,0.6216171485371887,0.004988773827790283,0.004074018297251314,0.06474609375
247,505856,-0.002160424637258984,79.27140884995461,0.6063537325710058,0.004161994601599872,0.004078755606315099,0.048583984375
248,507904,-0.0022078094742028044,6.647667973861099,0.739042398147285,0.005076710114371963,0.005084355876897461,0.070751953125
249,509952,-0.005550811713328585,4.317078582942486,0.6781277867034078,0.007006902212742716,0.009798287026933394,0.087353515625
250,512000,-0.003203808763646521,4.316252825781703,0.6628869181498885,0.008311644362402148,0.006025658402359113,0.117919921875
251,514048,-0.0005965674325125292,3.409633298404515,0.6265835873782635,0.006114149399218149,0.004404925479320809,0.0580078125
252,516096,-0.0012402672407915815,71.38516412284226,0.5224181898869574,0.004801235956256278,0.004696227962267585,0.047216796875
253,518144,-0.002358044826542027,3.388707981072366,0.6210600282996893,0.004130915465066209,0.004764339493704028,0.05693359375
254,520192,1.656932581681758e-05,53.062516605854036,0.6053173685446381,0.0028876377968117596,0.0026173817517701537,0.034423828125
255,522240,-0.002719303173944354,14.544824237376451,0.6150173594243824,0.004784404704696499,0.0027415755699621513,0.057958984375
256,524288,-0.0031708816066384317,57.878433503955605,0.6143204610794782,0.005372436399920843,0.0061531669518444685,0.050390625
257,526336,-0.0016077046777354554,25.459888331592083,0.7733119977638125,0.004298013963853009,0.0052537694195052605,0.05537109375
258,528384,-0.004076889783027582,8.623557446151972,0.6104525418952107,0.005787730589509011,0.003369828866561875,0.09169921875
259,530432,-0.004579047458537389,4.947460890561342,0.50778549015522,0.006092008491395973,0.0050564553210278975,0.083935546875
260,532480,-0.002488069812534377,4.362604629248381,0.6059203933924436,0.0038512173545314,0.0023933724616654216,0.03564453125
261,534528,-0.005251422690344043,38.41221055500209,0.7258608411997557,0.005866472111665644,0.004859610545099713,0.066455078125
262,536576,-0.00489588976779487,7.981444959715009,0.6266090894117952,0.00491279260313604,0.004879943389096297,0.073046875
263,538624,-0.001562633682624437,61.74247406050563,0.639108722563833,0.002112431131536141,0.00245625379611738,0.018994140625
264,540672,-0.003105513739865273,7.106443365290761,0.6201355397701264,0.008383344142930581,0.013275071000680327,0.044921875
265,542720,-0.0004247192860930227,6.841227684915066,0.5957596935331821,0.009029623866081238,0.011257952102459967,0.08203125
266,544768,-0.004560630858759396,2.9271653089672327,0.8013320527970791,0.008573094048188068,0.011969563766615465,0.133447265625
267,546816,-0.0025769912434043364,6.422171521931887,0.7126598868519067,0.015775629234849476,0.01686375553254038,0.14619140625
268,548864,-0.0015393115376355127,1.5017021638806909,0.626122766174376,0.0036807427590247245,0.004184882121626288,0.039697265625
269,550912,-0.003043274488300085,1.2577060156036168,0.7431744903326034,0.005076690373243764,0.005157849891111255,0.05146484375
270,552960,-0.0027650837902911006,1.7705449691973627,0.6191126825287938,0.0038983915408607574,0.003355249625747092,0.046728515625
271,555008,-0.00263778661028482,5.127253206446767,0.5556877869181335,0.0029300322639755905,0.0004935573582770303,0.027783203125
272,557056,-0.004520288505591452,1.0805792133323848,0.5443246856331825,0.005482618833775632,0.004833168355980888,0.074462890625
273,559104,-0.001134282055136282,72.80469386465847,0.58628522567451,0.0018787773267831653,0.0009006226086057722,0.0216796875
274,561152,-0.0035888325073756278,2.5508870534598826,0.6190449066460133,0.006576411338755861,0.005410309269791469,0.07041015625
275,563200,-0.004110603572917171,1.510565093625337,0.6194725131615997,0.005979891252354719,0.005544430055306293,0.083349609375
276,565248,-0.0010628856864059344,4.392565290629864,0.5895219719968736,0.0018612316634971648,0.00018286202976014465,0.013232421875
277,567296,-0.004034036496886983,4.180133459344506,0.5808304030448198,0.003398986771935597,0.0030982148397015407,0.0388671875
278,569344,-0.004377444062265567,2.7390933599323035,0.7889040324836969,0.007980612371466123,0.008078718816977925,0.095703125
279,571392,-0.004434421243786346,2.439466067031026,0.7468244722113013,0.009409866310306825,0.015776864709914663,0.067822265625
280,573440,-0.0017189065139973537,2.220221837423742,0.6503744577988982,0.003482694263220765,0.005325996060855686,0.04052734375
281,575488,-0.002482003305340186,1.7313807226717473,0.6080004150047899,0.003339888728805818,0.0029180604818975554,0.04052734375
282,577536,-0.0017545439768582582,2.468400190398097,0.6590606451034546,0.0035681610024766997,0.002899857528973371,0.04345703125
283,579584,-0.0019214971922338008,2.8232005313038826,0.6137152375653386,0.0030689816747326406,0.0035560455464292316,0.038818359375
284,581632,-0.00291550991096301,2.8651012049987914,0.7444390084594488,0.006322048927540891,0.005942045917618088,0.055029296875
285,583680,-0.0033733189309714364,2.3085948567837478,0.6541990280151367,0.00526608191721607,0.0065453766845166685,0.066259765625
286,585728,-0.0012917758605908603,2.583141456916928,0.6440410330891609,0.0025618181913159787,0.0002360906364629045,0.025537109375
287,587776,-0.0026905758044449613,2.011623824201524,0.6387593293562531,0.0038184161094250157,0.001994105911580846,0.046240234375
288,589824,-0.003675394263700582,1.7809059027582408,0.6418631508946419,0.0040568080177763475,0.003860035812249407,0.05107421875
289,591872,-0.00964994155219756,10.915335025638342,0.5696559935808182,0.01028174600796774,0.016700834935181774,0.06396484375
290,593920,-0.0027957705722656103,0.9845956278964877,0.5938601307570934,0.004007978094159625,0.0042889754724455996,0.048828125
291,595968,-0.0039761708438163625,1.9526346866041422,0.5787996362894774,0.0037969894096022473,0.0007336996233789251,0.049267578125
292,598016,-0.010949951532529667,2.1416936172172427,0.6776129646226764,0.007506337750237435,0.012397520651575178,0.086474609375
293,600064,-0.003979850545874797,2.425624717026949,0.641600014269352,0.00407329915324226,0.006470042307046242,0.0513671875
294,602112,0.0003240554302465171,2.2264393335208297,0.7053770897909999,0.004780827558715828,0.0057263447233708575,0.051123046875
295,604160,-0.0034598112077219413,58.85817680433392,0.6384916635230183,0.00358332174946554,0.001396902184933424,0.04580078125
296,606208,-0.00482982600806281,7.9788498993963,0.7926629645749926,0.008311665599467232,0.006136072828667238,0.156396484375
297,608256,-0.001599875942338258,17.4550842564553,0.5390479092486202,0.0054285431804601105,0.005578645115019753,0.056396484375
298,610304,-0.00363241307932185,1.6569450499489904,0.6023688960820437,0.00567945099901408,0.007897586590843275,0.0697265625
299,612352,0.00016881870105862619,0.7943936218507588,0.7300250196829439,0.003565222225734033,0.0033954872749745848,0.039013671875
300,614400,-0.00047258774866349996,2.1923219803720713,0.6028944802470505,0.003061837307177484,0.003574553184444085,0.039501953125
301,616448,-0.0019520951798767782,9.976491826027631,0.5725956980139018,0.004149816167773679,0.00408601640665438,0.0521484375
302,618496,-0.002893052280705888,1.583863295800984,0.6702630244195461,0.0042762892786413435,0.004859916985151358,0.054248046875
303,620544,-0.002283837122377008,2.308233465999365,0.6539855094626545,0.0033913392631802707,0.003664238585042767,0.039208984375
304,622592,-0.002013086376246065,26.588186829537154,0.619049658253789,0.002458110824227333,0.002208549660281278,0.031640625
305,624640,-0.0016072047816123813,1.4913301525637508,0.7135229198262095,0.005067255295580253,0.0032644243445247413,0.061328125
306,626688,-0.0025443875609198587,1.5014934086240828,0.711168291606009,0.005342481905245222,0.0063559505331795664,0.060791015625
307,628736,-0.0006414107891032472,2.9824628680944443,0.6122917875647544,0.002861060295253992,0.0025240447459509594,0.0322265625
308,630784,-0.0012077499530278146,9.953247781470418,0.5002093456685544,0.004066952381981537,0.006301740495837293,0.039208984375
309,632832,-0.0035383158508921044,1.812478151358664,0.6831445703282952,0.005897701179492287,0.004628547182073816,0.06318359375
310,634880,-0.0020829977147514,6.880422801151871,0.6067550155334175,0.0019893831049557775,0.0034029533650027587,0.018896484375
311,636928,-0.0056325422367081044,1.171869727782905,0.8631425019353628,0.012456310601555743,0.01648735488415696,0.175341796875
312,638976,-0.001960530772339553,3.208993046358228,0.644828524813056,0.003409220205503516,0.0015647698106477036,0.043310546875
313,641024,-0.0008058555540628731,5.232345767691731,0.545001168269664,0.002972789024352096,0.001094260805984959,0.03916015625
314,643072,-0.007749007084930782,22.168488106876612,0.6665825050324201,0.012145294548827224,0.012527094603865408,0.12275390625
315,645120,-0.0028138200170360504,2.5133127683773635,0.5767077540047467,0.004004058090504259,0.0019921695813536642,0.040087890625
316,647168,-0.00837287147587631,4.77121749818325,0.5844304306432605,0.0062413622334133835,0.01098116982029751,0.067041015625
317,649216,-0.007491003505128902,2.561135447770357,0.7144505076110363,0.012535398939508013,0.014149790565716103,0.189013671875
318,651264,-0.008094201756466645,5.6078618677333,0.556910734437406,0.012469592780689709,0.01588441296480596,0.1267578125
319,653312,-0.0023004673334071414,1.8218747593462468,0.5740833782590926,0.004976686456939205,0.006367123255040496,0.0716796875
320,655360,-0.015618992736563087,1.6414852345362305,0.6189386976882816,0.012474730992107653,0.02372592656756751,0.112890625
321,657408,-0.0022429014556109906,2.011589414253831,0.5631860562600195,0.0035616080247564243,0.004848133370978757,0.04560546875
322,659456,-0.0024902157587348484,68.1649200098589,0.49680507089942694,0.0023458004812709986,0.002873027216992341,0.0314453125
323,661504,-0.002205201164179016,3.1090670225210486,0.7292858490720391,0.002809252997394651,0.0021049221162684263,0.026806640625
324,663552,-0.005030369886662811,1.8259967125952243,0.4952423613518476,0.004099885819596238,0.007109016459435224,0.062353515625
325,665600,-0.0037476571902516297,7.436530731618404,0.4759095016866922,0.0031986259506084024,0.00044833219144493344,0.03974609375
326,667648,-0.005975153169129044,1.0887103348970413,0.5580970126204192,0.005957037405460141,0.009209372781333514,0.083203125
327,669696,-0.009263225083122962,1.3047814849764108,0.6550149891525507,0.011273852954036555,0.015988424528040925,0.122802734375
328,671744,-0.003087119465635624,1.391232077870518,0.7422118909657002,0.007027030340395868,0.007260509306797757,0.094384765625
329,673792,-0.0022396241285605354,1.4162897057831287,0.4885715161450207,0.0025929306022590025,0.0021099120436701923,0.042041015625
330,675840,-0.00037235095514915885,1.0291770124807953,0.5277930764481426,0.003536217857617885,0.00223253627482336,0.04462890625
331,677888,-0.0068500152789056305,1.9727228255942464,0.7867030115798116,0.011090340037480929,0.015109107553143986,0.169970703125
332,679936,-0.005277043266687542,3.368132183328271,0.5733099589124322,0.004639947941177525,0.002789351699175313,0.062060546875
333,681984,-0.004259732636273839,1.0688252010382713,0.7181383283808828,0.008378418663050979,0.005213969139731489,0.127001953125
334,684032,-0.002977918111719191,0.8717214340344072,0.7421385608613491,0.0057466377387754616,0.004529798912699334,0.075830078125
335,686080,0.0005245418316917494,0.9014545995742083,0.7343480186536908,0.0051919710007496175,0.000982800856581889,0.064501953125
336,688128,-0.002960264464491047,0.8806842497549952,0.7886306531727314,0.013661351820337586,0.016824071784503757,0.1201171875
337,690176,-0.0036796892498387026,0.7507578604388983,0.733649131655693,0.007116871693870053,0.004534472321392968,0.11806640625
338,692224,-0.002810692071216181,5.352025783620775,0.49258237816393374,0.0031270296167349443,0.004368982257437893,0.034912109375
339,694272,-0.0017721981654176488,64.5633069254458,0.6064366064034402,0.0021840878733200954,0.0012353363272268325,0.01923828125
340,696320,-0.0022013248933944853,1.3640315469354392,0.7827153593301773,0.005077923889621161,0.003170046754530631,0.05712890625
341,698368,-0.0021889619834837503,9.232289201766253,0.5436705610714853,0.0024543958192225547,0.004488709726138041,0.02666015625
342,700416,-0.0025547116994857786,3.151343796402216,0.5552521273493767,0.003483396858791821,0.004378903290489689,0.044677734375
343,702464,-0.004603234758542385,2.315775678306818,0.5479884342290461,0.005418696664855815,0.006032275571487844,0.0783203125
344,704512,-0.005203251261264086,0.7840357822366059,0.752175441198051,0.008381153023219668,0.004565302666742354,0.12646484375
345,706560,-0.0015919486817438156,1.4210568644106387,0.5707462445832789,0.0029521374439354987,0.0010562761599430814,0.03681640625
346,708608,-0.0021244878123980017,1.171285735629499,0.5991362290456891,0.0040808207035297524,0.005183598928852007,0.052880859375
347,710656,-0.00477371463784948,2.816998640820384,0.4682601338252425,0.004035494558047503,0.005994206722243689,0.052197265625
348,712704,-0.003343356396362651,0.7645935027394444,0.8142922798171639,0.009939163536182604,0.010096206809976138,0.1369140625
349,714752,-0.0030336844676639883,1.9394168412312864,0.6539500944316388,0.003940132935531438,0.007308745346381329,0.0462890625
350,716800,-0.0020050803082995116,1.2314170327968896,0.5241294197738171,0.005628927706857212,0.005600886576576159,0.061767578125
351,718848,-0.0021182956174016,1.3077560046687722,0.5190935420803726,0.003847534381202422,0.00440654184203595,0.049072265625
352,720896,-0.004753192869247869,1.724762119539082,0.5600612366572022,0.0044578885863302276,0.00652432244096417,0.0560546875
353,722944,-0.0020616383058950304,1.333206201903522,0.545960764400661,0.003953887193347327,0.0021899496583500876,0.048828125
354,724992,-0.002832209192274604,1.02805118849501,0.5172355316579342,0.004330560663947836,0.005469344736775383,0.052978515625
355,727040,-0.0024994508014060555,1.080098273884505,0.5751559189520776,0.005084425347740762,0.006142119306605309,0.07060546875
356,729088,-0.0050819796917494385,1.0255323024466634,0.6833374479785561,0.01494593670067843,0.02049073567322921,0.112255859375
357,731136,-0.00030987825884949417,0.6994001709856092,0.702140074968338,0.005730092819430865,0.005492118050460704,0.0744140625
358,733184,-0.0036187128876917995,2.461147342249751,0.6753885626792908,0.00495062778936699,0.005621509652701207,0.06640625
359,735232,-0.0015593806048855186,89.07307991832495,0.5772179009392857,0.0021544122573686764,0.00029929523007012906,0.018359375
360,737280,-0.002977667406958062,4.695249760895967,0.5392285910435021,0.0032717884663725273,0.0036328965361462906,0.039111328125
361,739328,-0.0014828584622591733,53.60013186633587,0.6991024708375335,0.0023311901924898846,0.002857319262693636,0.02587890625
362,741376,-0.006125431093823863,1.7749970876146108,0.6487364798784256,0.008443747498677111,0.011641981624416075,0.110009765625
363,743424,-0.0015403099474497139,1.4448759366758168,0.7202155569568276,0.004365887612220831,0.006544930930249393,0.037060546875
364,745472,-0.0010618642147164792,1.7995983429253102,0.5132988738827408,0.0030326018488267435,0.003822119004325941,0.034423828125
365,747520,-0.003574955725343898,1.2110670877620577,0.6816741053014994,0.006412750788149424,0.00563570402446203,0.085498046875
366,749568,-0.004437795840203762,0.9638425980694592,0.7848766872659325,0.006330484070349485,0.009283310105092823,0.066162109375
367,751616,-0.0014147049019811674,1.3496410010382534,0.5696772017516196,0.0047349433967610825,0.005929388897493481,0.055859375
368,753664,-0.0018204499210696667,1.442593569122255,0.5461041774600744,0.0036871966876788065,0.004471996112260968,0.042431640625
369,755712,-0.002056256397918332,1.2139906324446201,0.5499846925027668,0.0030778487824136393,0.0030209824646590276,0.035546875
370,757760,-0.002968601166503504,1.2366733461618424,0.5565777387470007,0.004847427917411551,0.00554762361862231,0.065771484375
371,759808,-0.0013148058598744683,1.2373375551775099,0.5806995568796992,0.004466755720204674,0.007986533112125471,0.054296875
372,761856,-2.197838621214032e-05,0.5178864006418735,0.7179978940635919,0.024396766891004517,0.028450032745604405,0.08994140625
373,763904,-0.003891623843810521,0.8558700711466372,0.6638260865584016,0.00484358620014973,0.003594485326902941,0.051513671875
374,765952,-0.0016667094983858987,1.0461081634275615,0.5668207039125264,0.0032655823975801467,0.0036705462756799535,0.037841796875
375,768000,-0.0007003618273301981,17.23733388222754,0.4418820873834193,0.002018282513017766,0.0017555673402966931,0.02138671875
376,770048,-0.004463220742763951,1.1257234020158648,0.7706673080101609,0.005787933789542876,0.0069060392328538,0.062548828125
377,772096,-0.0013206438277848064,0.7927320946007967,0.6562832763418556,0.002897704587667249,0.003102436405606568,0.027294921875
378,774144,-0.004178667423548177,0.8177198268473148,0.7202073590829968,0.01328225392207969,0.013687445438699796,0.140185546875
379,776192,-0.0034029531700070946,59.21851540245116,0.7268720578402281,0.0032407044025603684,0.0034192092571174726,0.028369140625
380,778240,-0.00037286313599906864,67.3275491990149,0.6979375900700688,0.0015663391968701035,0.0006857823580503463,0.01171875
381,780288,-0.0008902570698410273,2.162745250016451,0.730501276999712,0.006780249226721935,0.005221007150248624,0.103076171875
382,782336,-0.0007676223176531494,23.622373401373626,0.4694549608975649,0.0014602913666749372,0.001520039775641635,0.010546875
383,784384,-0.005675762951432262,2.7136744525283576,0.5754469392821193,0.00609465740271844,0.006338336542830803,0.07939453125
384,786432,-0.0024647749640280383,1.541710851714015,0.7243183700367808,0.005519224156159908,0.006802738446276635,0.06787109375
385,788480,-0.00574346846260596,1.5289025764912367,0.5524737258441746,0.006703053647652268,0.014154205447994173,0.074951171875
386,790528,-0.0020635190361645074,94.64869442507624,0.5768468976952136,0.00559596540115308,0.0026268318470101804,0.055322265625
387,792576,-0.0030930770313716493,2.6204173197969793,0.5173958599567413,0.003802744761924259,0.0023281024623429403,0.0537109375
388,794624,-0.002600146012264304,1.8602111592888833,0.6369234880432486,0.005213765220833011,0.0062061064352747055,0.067626953125
389,796672,-0.005352322547696531,1.0297610540874302,0.8241352701559663,0.014755489130038768,0.017720185843063518,0.130029296875
390,798720,-2.8846347413491456e-05,0.8834833364002407,0.7278890170156955,0.0045834825141355395,0.002223315750597976,0.0482421875
391,800768,-0.0009505288035143167,53.81445992216468,0.5454842193983496,0.00227538566396106,0.002046524887555279,0.022802734375
392,802816,-0.0006392828101525084,9.776615047082306,0.7289349000900984,0.0026921660639345644,0.00023327705857809634,0.0376953125
393,804864,-0.0040733320667641236,1.585118323005736,0.7797311550006271,0.00794509181578178,0.0057138699339702725,0.062939453125
394,806912,-0.0038449999818112703,1.986973598599434,0.5223682533949614,0.004633131978334859,0.004606770176906139,0.0498046875
395,808960,-0.003152557442081161,2.7760691184550526,0.5614307506009937,0.004123337572673335,0.0043930854822974656,0.05126953125
396,811008,-0.004247585646226071,1.445553082972765,0.5055419852025806,0.005121937496005558,0.004337852643220686,0.0734375
397,813056,-0.0044825010583736,17.521792986616493,0.4972385553643107,0.008959743069135584,0.011578165838727728,0.022900390625
398,815104,-0.00011098397080786527,15.139024475216866,0.672220560722053,0.0026230257673887534,0.003596068639308214,0.023291015625
399,817152,0.0008025626535527408,76.63633219599724,0.5992143672890962,0.002327946957666427,0.00290497777168639,0.024853515625
400,819200,-0.002627282250614371,22.24980535656214,0.5610654518008232,0.006331858603516594,0.00047546370478812605,0.089208984375
401,821248,-0.0021116811127285472,6.69948528688401,0.6916047072038054,0.006216559823951684,0.007732310876599513,0.074755859375
402,823296,-0.005575024956488051,3.707499819248915,0.54947315948084,0.008515520454966462,0.011667952372226864,0.1056640625
403,825344,-0.005438735891948454,1.1722409969195724,0.6983819123357534,0.007158714398974553,0.004820448617101647,0.096826171875
404,827392,-0.003588499921897892,1.5345356352627277,0.5790514033287764,0.00582928501535207,0.007010817629634403,0.07158203125
405,829440,-0.008656590091413818,1.5550349217839539,0.7344575807452202,0.010146928930771537,0.011574595759157091,0.178564453125
406,831488,-0.0011399065726436675,1.1753094479441644,0.5688243889249861,0.004344631562707946,0.005891134074772708,0.05576171875
407,833536,-0.003038961556740105,1.8859348874539137,0.5480103249661624,0.004290141802630387,0.006229756641550921,0.060498046875
408,835584,-0.0015036032302305103,1.0266805414110423,0.5359183344990015,0.00352455883694347,0.004620748822344467,0.042626953125
409,837632,-0.0022666560020297767,1.01963258581236,0.5470936666242778,0.004627976371557452,0.009560356082511134,0.060595703125
410,839680,-0.001715836752555333,1.4045411782339214,0.5368803261779249,0.003969378740293905,0.0041408624063478785,0.0513671875
411,841728,-0.0038862139073899014,1.4129233995452524,0.5044940292835236,0.0038842802081489936,0.0043552498857025055,0.049853515625
412,843776,-0.002019291147007607,0.8573392543010414,0.49887575739994644,0.004649461302324198,0.005504348047543317,0.060400390625
413,845824,-0.002946377109037712,1.2293363902717829,0.6254951674491167,0.006526808461057953,0.0085839411302004,0.07607421875
414,847872,-0.0024227576242992653,0.702809964120388,0.6202245961874724,0.006599169378750958,0.008101963423541747,0.081494140625
415,849920,-0.00190354042861145,1.550091007910669,0.5421906902454794,0.0041407601354876535,0.003935292744426988,0.053515625
416,851968,-0.004814608479500748,1.0492254736833275,0.5296791975386441,0.0050990957650356,0.004425211256602779,0.06650390625
417,854016,-0.004867405162076466,0.9067647029645741,0.5000643348321319,0.00443678927840665,0.005834135090117343,0.060986328125
418,856064,-0.004485151678090915,1.086345754005015,0.7045273795723915,0.007845051772892474,0.010165651055285708,0.09853515625
419,858112,-0.0028983708965824918,0.8632371747866273,0.5166085010394454,0.006107328183134086,0.006174855056451633,0.079638671875
420,860160,-0.002863701918977313,0.6303368209861219,0.5061104183085263,0.0037148336763493718,0.0003776711178943515,0.045654296875
421,862208,-0.0034252873781952077,0.7104916823096573,0.49003456383943556,0.004739011972560547,0.005327711525023915,0.067138671875
422,864256,-0.005715811104164459,0.749307785090059,0.48063242845237253,0.0062076189700746905,0.00742287201283034,0.080859375
423,866304,-0.0027493881381815298,0.791137723159045,0.4713106732815504,0.003642079490236938,0.005314241064479574,0.047705078125
424,868352,-0.0023304890404688195,0.6966915253549815,0.5054556233808398,0.0039990932360524315,0.0055973908165469766,0.05029296875
425,870400,-0.0029383330809650944,0.9676334510091692,0.7745748875662685,0.008458813434117474,0.006312802920001559,0.10009765625
426,872448,-0.0031356382329249754,0.9908294331282377,0.5636323183774948,0.006067051566787995,0.005183150485390797,0.07314453125
427,874496,-0.005972868061508052,0.6696769062429666,0.48276060493662953,0.003884016763186082,0.0034762581723043694,0.04951171875
428,876544,-0.00034853985707741233,1.1154691627249123,0.6383520554751158,0.005744925737963058,0.006308044667821378,0.04462890625
429,878592,-0.001384496269747615,1.5431441034190356,0.39649812821298835,0.0020101410656934602,0.0002658441400853917,0.0234375
430,880640,-0.0007324459555093199,96.5711279861629,0.4430875052697957,0.0034880277700722216,0.002399574013543315,0.04892578125
431,882688,-0.0014923328853910789,60.480466205254196,0.5290692352689803,0.001833990277373232,0.002152654336532578,0.0173828125
432,884736,-0.003155806247377768,2.954183108359575,0.4837482525035739,0.004307639505714178,0.005268110890756361,0.059423828125
433,886784,-0.0022965838201344014,4.797271813917905,0.6810449950397015,0.007589061337057501,0.009932328344439157,0.0947265625
434,888832,-0.0025719674755237064,1.0470549414400012,0.6528473072685301,0.012883401100407355,0.011207705215201712,0.127490234375
435,890880,-0.0031639515917049723,1.1738980039954185,0.5084114728495479,0.005761968216393143,0.005878939674585126,0.076611328125
436,892928,-0.000651032049790956,0.5206342494115234,0.4780349062755704,0.003609791412600316,0.0014477717370027677,0.0443359375
437,894976,-0.0020122224028455093,0.7148146263323725,0.4634052925743163,0.004718376658274792,0.0037756879260996356,0.0583984375
438,897024,-0.00042476531816646455,0.7356828603893518,0.5235560677945614,0.003402510058367625,0.0032892021641600876,0.041650390625
439,899072,-0.0011824583198176697,0.5694703966844827,0.6693044450134039,0.007413634535623714,0.008727564918808639,0.10322265625
440,901120,-0.0013073634618194774,0.510166259529069,0.4962785174138844,0.0038549683580640704,0.003505663506803103,0.053466796875
441,903168,-0.00328412448434392,0.6651701875962317,0.500963912345469,0.0038086622313130646,0.006146037724101916,0.05068359375
442,905216,-0.002187209573457949,0.640292851254344,0.45319753773510457,0.003853242244804278,0.004655078903306275,0.054248046875
443,907264,-0.0033650636207312344,78.5027413431555,0.4707733844406903,0.004058590321801603,0.0013052975991740823,0.059130859375
444,909312,-0.001169466695864685,1.5650499811396004,0.48545977510511873,0.003976488020271063,0.0032052823051344605,0.04765625
445,911360,-0.0035766520159086213,0.7739440232980996,0.4602519664913416,0.0042802858661161736,0.004237642860971391,0.05673828125
446,913408,-0.000540956505574286,0.5370570253115148,0.45969509417191146,0.0035032227286137642,0.007209432779927738,0.04345703125
447,915456,-0.0021109445457113906,0.42086281892843547,0.47754724267870186,0.004666055800043978,0.005127854598686099,0.05869140625
448,917504,-0.0026836712408112363,0.7162637347355485,0.4530565016902983,0.003870703463326208,0.0038720546930562706,0.045947265625
449,919552,-0.0046917600877350195,0.9896881831809878,0.6247102956287562,0.014834229336702264,0.019586272400920278,0.08857421875
450,921600,-0.002823540483950637,0.5910119886975735,0.4318576307035983,0.0034691323235165328,0.005873453803360462,0.042431640625
451,923648,-0.0037277031762641853,0.5043488872237504,0.4799915043637156,0.005914833358838223,0.0067935449216747655,0.0734375
452,925696,-0.0030541487445589154,0.5248851131647825,0.47807669900357724,0.003294472300331108,0.00267866620561108,0.038671875
453,927744,-0.015316005199565552,0.582811193028465,0.5052098976448178,0.006715858308598399,0.01232593335735146,0.089453125
454,929792,-0.001156884670490399,0.46986724389716983,0.5710389241576195,0.006304061779519543,0.0037277510564308614,0.074609375
455,931840,-0.0014571845007594676,0.5964958987664432,0.5439229370094836,0.004609043226810172,0.0026794252917170525,0.059423828125
456,933888,-0.002420533512486145,0.45053818258456885,0.4810407428070903,0.003655361998244189,0.003897942040930502,0.04599609375
457,935936,-0.0020291512249968947,0.6332228620536625,0.43700161054730413,0.0031013369793072344,0.0029087613424053417,0.039990234375
458,937984,-0.002166202163789421,0.5160315259825439,0.4805280966684222,0.004866400477476418,0.00514811415632721,0.05810546875
459,940032,-0.004854931359295734,0.7155705919023603,0.6494968637824059,0.007079706693184562,0.008096564671723172,0.096533203125
460,942080,-0.0007608915941091255,97.44647989571095,0.4893521523103118,0.002662942127790302,0.0010883553914027289,0.0314453125
461,944128,-0.00249200138496235,0.9297365193255246,0.46727550504729154,0.004027643718291074,0.001985282963141799,0.049853515625
462,946176,0.00027203104691579937,95.82890082001686,0.46107136122882364,0.0020025699894176798,0.002007442686590366,0.02119140625
463,948224,-0.0031827614933717997,0.8440139286220074,0.5181731986813247,0.004064353535068221,0.004609769827220589,0.048974609375
464,950272,-0.0013302479346748441,0.9912083925679326,0.4606937697157264,0.004331676085712388,0.0032794912025565282,0.054736328125
465,952320,-0.0022678515553707255,0.515861858567223,0.47827382339164615,0.004549522104207426,0.0028833979478804393,0.05908203125
466,954368,-0.0007200256412033923,0.4509995925240219,0.48798068705946207,0.004539885598933324,0.004655201916466467,0.056591796875
467,956416,-0.002048396089230664,71.68847984783352,0.4824475790373981,0.0026063136203447355,0.0038671264133881777,0.02880859375
468,958464,9.012603113660589e-05,92.71586085893213,0.45079996762797236,0.0014405683235963807,-0.00011262298503424972,0.012646484375
469,960512,-0.0033877485569973943,2.366144818067551,0.47793320277705786,0.004945326232700609,0.0041401548136491325,0.06494140625
470,962560,-0.002475812056218274,0.5184730790089815,0.5115074733272195,0.005644967869739048,0.007044861931353808,0.072998046875
471,964608,-0.0017181116578285581,0.7282252867240459,0.47147846249863506,0.003834105408168398,0.005914626544108614,0.04521484375
472,966656,-0.0018797137192450464,0.5900093788746744,0.45965493489056825,0.004669095505960286,0.00392185655364301,0.06064453125
473,968704,-8.969760092440993e-05,37.19036860894412,0.49887528773397205,0.0047311133879702535,0.0010605643241433428,0.058642578125
474,970752,-0.002657392073888332,1.4069109671749174,0.4873977951705456,0.004381251329323277,0.003220493270782754,0.05478515625
475,972800,-0.0006475244677858427,63.62031723074615,0.5017206456512213,0.0026931238011457027,0.0014654898026492448,0.034375
476,974848,-0.0013382526580244304,62.78763391431421,0.5008901057764887,0.0021925745939370246,0.0024557146098231897,0.02060546875
477,976896,-0.0019609760041930714,45.946087618544695,0.48491674978286026,0.0022639682953013106,0.0030038476368645208,0.02275390625
478,978944,-0.0013511226454284043,4.3711513377726074,0.4705992631614208,0.0032418655027868226,0.002019152871798724,0.043408203125
479,980992,-0.00033823025587480514,1.1857710990123451,0.4798460745252669,0.005708159488858655,0.0028941010910784825,0.0634765625
480,983040,-0.0005481150379637256,1.5776626650243997,0.4672175013460219,0.003378247554064728,0.003503621241543442,0.041455078125
481,985088,-0.0008155858726240694,0.9639799378812313,0.432073494233191,0.004446556727634743,0.008156613318715245,0.0513671875
482,987136,-0.001412483651074581,1.0732140162028372,0.46166439028456807,0.005716487028985284,0.0053289284609491,0.066357421875
483,989184,-0.0018371744634350761,147.30957090035082,0.5388631680980325,0.0018351185834035277,0.0008329863718245179,0.021142578125
484,991232,-0.002626206094282679,80.61418441273273,0.5872420134022832,0.0028943150537088513,0.0037530275469180195,0.03212890625
485,993280,-0.0020269611792173236,84.18574131205678,0.48927687043324114,0.002023727056803182,0.0018577490205643698,0.01806640625
486,995328,-0.0011716520893969573,39.52186828404665,0.44864262733608484,0.0027460426674224435,0.0004573636950226501,0.034765625
487,997376,-0.00014276496222009882,6.697373558580876,0.46605750229209664,0.0037955909123411403,0.004108365773572586,0.048779296875
488,999424,-0.0019496145367156714,158.45940415859224,0.4865360477939248,0.002470679150428623,0.0010154661547858268,0.0275390625
489,1000000,-0.004467386628190676,12.964953406651814,0.4560693230893877,0.0036163617649839983,0.004164147408058246,0.04618055555555556
